caption_loss,fc_loss,loss
7.375,0.6328125,13.6875
6.78125,0.6015625,12.75
7.125,0.6015625,13.125
7.3125,0.6328125,13.625
7.25,0.6015625,13.25
7.28125,0.609375,13.375
7.4375,0.58984375,13.375
7.40625,0.60546875,13.5
7.78125,0.62109375,14.0
6.46875,0.6015625,12.5
7.28125,0.61328125,13.375
8.25,0.58203125,14.0625
6.78125,0.609375,12.875
7.65625,0.578125,13.4375
6.6875,0.59375,12.625
6.6875,0.61328125,12.8125
7.5625,0.6171875,13.75
7.625,0.5859375,13.5
6.9375,0.6171875,13.125
6.875,0.625,13.125
7.03125,0.625,13.25
6.5,0.62890625,12.75
7.03125,0.6015625,13.0
7.5,0.62109375,13.75
7.375,0.6484375,13.875
7.34375,0.63671875,13.75
7.125,0.625,13.375
7.09375,0.62890625,13.375
7.0,0.61328125,13.125
7.125,0.61328125,13.25
7.875,0.62109375,14.125
6.40625,0.625,12.625
7.28125,0.62109375,13.5
6.9375,0.640625,13.375
7.09375,0.6171875,13.25
7.125,0.609375,13.25
7.375,0.62109375,13.625
7.3125,0.6640625,13.9375
7.0,0.58984375,12.875
7.09375,0.6015625,13.125
7.25,0.62109375,13.5
6.78125,0.609375,12.875
6.90625,0.62109375,13.125
7.03125,0.62109375,13.25
7.5,0.59765625,13.5
7.21875,0.60546875,13.25
6.78125,0.62890625,13.0625
7.4375,0.59765625,13.375
6.5625,0.61328125,12.6875
7.4375,0.58984375,13.375
7.34375,0.59765625,13.3125
7.5625,0.62109375,13.75
7.28125,0.609375,13.375
7.375,0.59765625,13.375
7.09375,0.6171875,13.25
6.875,0.59375,12.8125
7.5,0.59765625,13.5
7.09375,0.609375,13.1875
8.0625,0.62890625,14.375
7.4375,0.65625,14.0
6.9375,0.62890625,13.25
7.09375,0.62890625,13.375
6.78125,0.60546875,12.875
7.03125,0.61328125,13.125
6.90625,0.59765625,12.875
6.8125,0.59375,12.75
7.40625,0.640625,13.8125
6.84375,0.59765625,12.8125
6.875,0.6328125,13.1875
7.0625,0.63671875,13.4375
7.53125,0.62109375,13.75
6.875,0.61328125,13.0
7.03125,0.6328125,13.375
7.46875,0.609375,13.5625
7.6875,0.6171875,13.875
7.3125,0.6171875,13.5
6.75,0.62890625,13.0
8.0,0.59765625,14.0
7.1875,0.61328125,13.3125
6.5625,0.6171875,12.75
7.09375,0.609375,13.1875
7.1875,0.6015625,13.1875
7.28125,0.59765625,13.25
6.625,0.6328125,12.9375
6.96875,0.609375,13.0625
6.65625,0.6328125,13.0
6.34375,0.59375,12.25
7.46875,0.6328125,13.75
7.46875,0.60546875,13.5
7.84375,0.60546875,13.875
6.8125,0.609375,12.875
6.71875,0.59375,12.625
6.8125,0.59765625,12.75
7.5,0.62109375,13.75
7.15625,0.609375,13.25
6.6875,0.60546875,12.75
6.90625,0.61328125,13.0
7.78125,0.6484375,14.25
7.625,0.609375,13.75
7.125,0.59765625,13.125
7.71875,0.59765625,13.6875
6.9375,0.61328125,13.0625
7.65625,0.60546875,13.75
6.8125,0.625,13.0625
6.6875,0.609375,12.75
6.875,0.61328125,13.0
7.125,0.59375,13.0625
6.90625,0.60546875,13.0
6.40625,0.609375,12.5
7.0,0.59765625,13.0
7.0625,0.62890625,13.375
7.09375,0.625,13.375
6.84375,0.6328125,13.125
6.90625,0.6015625,12.875
7.3125,0.61328125,13.4375
7.34375,0.62890625,13.625
7.09375,0.6015625,13.125
6.78125,0.61328125,12.875
6.78125,0.65234375,13.3125
6.96875,0.63671875,13.375
7.4375,0.61328125,13.5625
7.21875,0.62109375,13.4375
7.625,0.58203125,13.4375
7.03125,0.62109375,13.25
7.125,0.59375,13.0625
6.90625,0.609375,13.0
7.125,0.58203125,12.9375
7.4375,0.66015625,14.0
7.03125,0.6171875,13.25
6.4375,0.60546875,12.5
7.5,0.62109375,13.75
6.84375,0.609375,12.9375
7.34375,0.61328125,13.5
7.15625,0.609375,13.25
6.84375,0.62890625,13.125
7.28125,0.6484375,13.75
7.75,0.6328125,14.0625
7.53125,0.640625,13.9375
7.25,0.6015625,13.25
7.78125,0.63671875,14.125
7.65625,0.60546875,13.75
7.28125,0.60546875,13.375
7.59375,0.58203125,13.375
6.78125,0.625,13.0
7.34375,0.58203125,13.125
7.5625,0.609375,13.625
6.9375,0.62109375,13.125
6.90625,0.6171875,13.125
7.09375,0.609375,13.1875
7.0,0.6015625,13.0
7.09375,0.60546875,13.125
7.15625,0.625,13.375
7.125,0.6015625,13.125
7.09375,0.640625,13.5
7.34375,0.625,13.625
7.09375,0.6015625,13.125
7.25,0.60546875,13.3125
6.8125,0.62109375,13.0
6.53125,0.609375,12.625
7.3125,0.6171875,13.5
7.125,0.59375,13.0625
6.5,0.609375,12.625
6.90625,0.64453125,13.375
6.75,0.59765625,12.75
7.3125,0.5859375,13.1875
6.875,0.6015625,12.875
7.15625,0.6171875,13.375
6.90625,0.6015625,12.875
7.3125,0.609375,13.375
7.46875,0.625,13.75
7.3125,0.609375,13.375
7.0625,0.6015625,13.0625
6.90625,0.59765625,12.875
7.34375,0.58203125,13.125
7.40625,0.61328125,13.5
6.90625,0.59375,12.875
6.96875,0.59765625,12.9375
6.875,0.609375,13.0
7.125,0.58203125,12.9375
7.46875,0.609375,13.5625
7.25,0.609375,13.375
7.21875,0.6484375,13.75
7.53125,0.609375,13.625
7.15625,0.60546875,13.25
6.1875,0.62890625,12.5
7.15625,0.58984375,13.0625
7.5,0.6171875,13.6875
7.4375,0.625,13.6875
6.8125,0.625,13.0625
7.125,0.61328125,13.25
7.71875,0.5859375,13.625
7.25,0.625,13.5
7.3125,0.59765625,13.25
6.90625,0.609375,13.0
7.0,0.62890625,13.25
7.03125,0.59375,13.0
7.46875,0.59375,13.375
7.21875,0.61328125,13.375
7.21875,0.59765625,13.1875
7.21875,0.63671875,13.625
6.78125,0.6171875,13.0
7.375,0.62109375,13.625
7.40625,0.6015625,13.375
7.71875,0.60546875,13.75
6.90625,0.625,13.125
7.1875,0.6015625,13.1875
6.5625,0.609375,12.625
7.03125,0.62109375,13.25
7.375,0.59765625,13.375
7.15625,0.59375,13.125
7.0,0.59375,12.9375
7.0,0.63671875,13.375
7.09375,0.6171875,13.25
6.53125,0.62109375,12.75
7.15625,0.64453125,13.625
7.59375,0.62109375,13.8125
6.875,0.62109375,13.125
7.78125,0.609375,13.875
6.8125,0.60546875,12.875
7.125,0.61328125,13.25
7.46875,0.59375,13.375
7.40625,0.6015625,13.375
7.4375,0.640625,13.875
6.9375,0.61328125,13.0625
7.5625,0.60546875,13.625
7.125,0.609375,13.25
6.21875,0.609375,12.3125
6.875,0.6015625,12.875
7.21875,0.58984375,13.125
7.34375,0.5859375,13.25
6.90625,0.59765625,12.875
6.9375,0.61328125,13.0625
7.34375,0.625,13.625
6.90625,0.58984375,12.8125
6.875,0.6171875,13.0625
6.78125,0.60546875,12.875
7.34375,0.59765625,13.3125
6.8125,0.6171875,13.0
7.0,0.61328125,13.125
7.34375,0.62109375,13.5625
6.5625,0.6328125,12.875
6.6875,0.609375,12.75
7.53125,0.60546875,13.625
7.34375,0.62109375,13.5625
7.375,0.60546875,13.4375
7.21875,0.60546875,13.25
7.125,0.60546875,13.1875
6.90625,0.64453125,13.375
7.375,0.59765625,13.375
7.375,0.58984375,13.25
7.15625,0.6171875,13.375
7.03125,0.5859375,12.875
7.53125,0.6015625,13.5
7.25,0.640625,13.625
6.75,0.61328125,12.875
6.78125,0.6328125,13.125
7.21875,0.6015625,13.25
6.53125,0.64453125,13.0
7.5,0.62890625,13.75
6.96875,0.6171875,13.125
7.1875,0.625,13.4375
7.09375,0.64453125,13.5
6.5625,0.61328125,12.6875
6.71875,0.609375,12.8125
7.0625,0.5859375,12.9375
6.9375,0.62109375,13.125
7.15625,0.59375,13.125
6.6875,0.6484375,13.1875
7.53125,0.63671875,13.875
7.40625,0.609375,13.5
6.5625,0.62109375,12.75
6.9375,0.609375,13.0
7.46875,0.60546875,13.5
6.96875,0.6171875,13.125
6.9375,0.61328125,13.0625
7.09375,0.60546875,13.125
7.09375,0.6015625,13.125
7.1875,0.625,13.4375
6.71875,0.6171875,12.875
7.21875,0.59765625,13.1875
7.78125,0.578125,13.5625
7.40625,0.60546875,13.5
7.03125,0.609375,13.125
6.875,0.59765625,12.875
6.9375,0.61328125,13.0625
6.75,0.609375,12.875
6.59375,0.59765625,12.5625
7.34375,0.5859375,13.25
6.84375,0.61328125,13.0
6.96875,0.61328125,13.125
7.0625,0.6015625,13.0625
6.90625,0.578125,12.6875
6.90625,0.6015625,12.875
7.28125,0.62109375,13.5
7.1875,0.60546875,13.25
7.0625,0.640625,13.5
6.96875,0.61328125,13.125
7.0625,0.6015625,13.0625
7.1875,0.6015625,13.1875
7.1875,0.6171875,13.375
6.78125,0.64453125,13.25
6.8125,0.6328125,13.125
7.21875,0.609375,13.3125
7.0,0.62109375,13.25
6.6875,0.609375,12.75
6.78125,0.6015625,12.75
6.9375,0.63671875,13.3125
7.28125,0.609375,13.375
7.0625,0.62109375,13.25
7.34375,0.609375,13.4375
7.28125,0.61328125,13.375
7.90625,0.59765625,13.875
7.125,0.609375,13.25
7.0625,0.59375,13.0
6.8125,0.66796875,13.5
7.03125,0.6015625,13.0
7.25,0.58984375,13.125
7.25,0.609375,13.375
6.96875,0.609375,13.0625
6.9375,0.62109375,13.125
6.75,0.625,13.0
7.125,0.609375,13.25
6.375,0.60546875,12.4375
7.0625,0.609375,13.125
6.625,0.625,12.875
6.78125,0.61328125,12.875
7.53125,0.59765625,13.5
7.03125,0.6015625,13.0
7.0,0.63671875,13.375
6.75,0.6171875,12.9375
7.21875,0.609375,13.3125
6.65625,0.640625,13.0625
6.65625,0.625,12.875
6.96875,0.62890625,13.25
7.03125,0.609375,13.125
7.09375,0.6171875,13.25
6.75,0.6015625,12.75
7.0625,0.6328125,13.375
7.4375,0.6015625,13.4375
7.25,0.58984375,13.125
7.1875,0.59765625,13.125
6.6875,0.640625,13.125
7.34375,0.58984375,13.25
7.375,0.62890625,13.625
6.71875,0.62890625,13.0
6.84375,0.65625,13.375
7.21875,0.59375,13.125
7.28125,0.6015625,13.25
7.0,0.609375,13.125
7.28125,0.58203125,13.125
6.78125,0.6328125,13.125
7.125,0.6484375,13.625
7.03125,0.63671875,13.375
6.65625,0.609375,12.75
7.03125,0.609375,13.125
6.875,0.6328125,13.1875
7.25,0.59375,13.1875
7.5,0.625,13.75
6.71875,0.609375,12.8125
6.8125,0.60546875,12.875
6.90625,0.609375,13.0
7.15625,0.625,13.375
7.0,0.62109375,13.25
6.90625,0.61328125,13.0
7.34375,0.58203125,13.125
7.375,0.59375,13.3125
6.59375,0.640625,13.0
7.21875,0.6015625,13.25
7.0625,0.609375,13.125
7.53125,0.58984375,13.4375
6.65625,0.625,12.875
7.25,0.578125,13.0
7.0,0.609375,13.125
7.15625,0.6015625,13.125
7.125,0.6171875,13.3125
7.21875,0.59375,13.125
7.28125,0.61328125,13.375
7.09375,0.60546875,13.125
7.0,0.6015625,13.0
6.71875,0.5859375,12.625
7.0,0.59765625,13.0
7.125,0.62890625,13.375
7.1875,0.62890625,13.5
7.125,0.61328125,13.25
6.875,0.59765625,12.875
7.40625,0.59375,13.375
6.59375,0.609375,12.6875
6.53125,0.6484375,13.0
6.84375,0.6171875,13.0
6.59375,0.609375,12.6875
7.15625,0.58203125,13.0
6.96875,0.58984375,12.875
7.40625,0.62109375,13.625
6.5625,0.640625,13.0
6.84375,0.6171875,13.0
6.9375,0.59375,12.875
7.25,0.59375,13.1875
7.125,0.61328125,13.25
6.71875,0.62109375,12.9375
7.25,0.6015625,13.25
6.875,0.6171875,13.0625
7.03125,0.5859375,12.875
6.8125,0.59375,12.75
7.09375,0.6328125,13.375
7.53125,0.609375,13.625
7.3125,0.59765625,13.25
6.875,0.6328125,13.1875
7.1875,0.5859375,13.0625
7.03125,0.59765625,13.0
7.0625,0.58984375,13.0
6.9375,0.62109375,13.125
6.6875,0.6015625,12.6875
6.84375,0.5859375,12.75
7.09375,0.6328125,13.375
6.625,0.6015625,12.625
6.75,0.609375,12.875
7.125,0.62109375,13.375
6.6875,0.6484375,13.1875
6.875,0.61328125,13.0
6.78125,0.60546875,12.875
6.375,0.6015625,12.375
6.84375,0.6171875,13.0
7.03125,0.6328125,13.375
6.96875,0.625,13.25
7.0,0.6171875,13.1875
7.0625,0.63671875,13.4375
7.28125,0.60546875,13.375
6.84375,0.6171875,13.0
7.1875,0.6171875,13.375
6.90625,0.59765625,12.875
7.21875,0.609375,13.3125
7.03125,0.59765625,13.0
5.90625,0.625,12.125
7.0625,0.6328125,13.375
6.59375,0.60546875,12.625
7.0625,0.61328125,13.1875
7.1875,0.62109375,13.375
7.0,0.61328125,13.125
6.84375,0.6171875,13.0
7.40625,0.59375,13.375
6.6875,0.5859375,12.5625
7.5625,0.59375,13.5
7.28125,0.5859375,13.125
6.84375,0.609375,12.9375
7.25,0.59765625,13.25
6.6875,0.61328125,12.8125
6.78125,0.609375,12.875
7.03125,0.60546875,13.125
7.3125,0.59375,13.25
7.09375,0.625,13.375
7.03125,0.59375,13.0
7.75,0.6171875,13.9375
7.1875,0.59765625,13.125
6.53125,0.62109375,12.75
6.84375,0.625,13.125
6.59375,0.60546875,12.625
6.4375,0.59765625,12.375
7.03125,0.6015625,13.0
7.25,0.57421875,13.0
6.6875,0.60546875,12.75
6.9375,0.58984375,12.875
6.6875,0.625,12.9375
6.75,0.64453125,13.1875
6.34375,0.61328125,12.5
7.15625,0.59765625,13.125
7.09375,0.62109375,13.3125
6.875,0.62890625,13.125
6.59375,0.62890625,12.875
6.71875,0.59375,12.625
6.375,0.60546875,12.4375
6.40625,0.6328125,12.75
6.9375,0.6171875,13.125
7.03125,0.63671875,13.375
7.0,0.58984375,12.875
6.625,0.60546875,12.6875
7.25,0.6171875,13.4375
6.46875,0.61328125,12.625
6.40625,0.6328125,12.75
7.46875,0.6171875,13.625
6.75,0.609375,12.875
7.0,0.6015625,13.0
6.59375,0.61328125,12.75
6.84375,0.6015625,12.875
6.75,0.6171875,12.9375
6.59375,0.6015625,12.625
6.84375,0.59375,12.75
6.9375,0.64453125,13.375
6.59375,0.61328125,12.75
7.125,0.6171875,13.3125
7.34375,0.6015625,13.375
6.8125,0.63671875,13.1875
6.59375,0.62109375,12.8125
7.09375,0.67578125,13.875
7.03125,0.59375,13.0
7.0625,0.6171875,13.25
6.875,0.62890625,13.125
6.96875,0.61328125,13.125
6.96875,0.58984375,12.875
6.65625,0.6171875,12.875
6.96875,0.59375,12.875
6.8125,0.6328125,13.125
7.15625,0.60546875,13.25
6.4375,0.59765625,12.375
7.375,0.61328125,13.5
7.0,0.609375,13.125
6.40625,0.6171875,12.625
6.53125,0.640625,12.9375
6.71875,0.62890625,13.0
6.5625,0.62109375,12.75
6.75,0.62890625,13.0
6.46875,0.609375,12.5625
7.03125,0.59765625,13.0
6.46875,0.58984375,12.375
6.5625,0.59375,12.5
6.78125,0.60546875,12.875
6.21875,0.6171875,12.375
6.96875,0.62109375,13.1875
6.625,0.58984375,12.5
6.8125,0.61328125,12.9375
6.84375,0.62109375,13.0625
6.6875,0.6328125,13.0
6.78125,0.58984375,12.6875
6.78125,0.63671875,13.125
7.03125,0.58984375,12.9375
6.71875,0.609375,12.8125
7.0,0.6015625,13.0
6.59375,0.61328125,12.75
6.78125,0.5859375,12.625
6.625,0.6328125,12.9375
6.40625,0.640625,12.8125
6.625,0.59375,12.5625
6.84375,0.6015625,12.875
6.9375,0.5859375,12.8125
6.875,0.60546875,12.9375
6.5625,0.61328125,12.6875
6.8125,0.609375,12.875
6.59375,0.6171875,12.75
6.4375,0.609375,12.5
7.125,0.61328125,13.25
6.625,0.62890625,12.875
7.4375,0.6171875,13.625
7.0,0.61328125,13.125
6.4375,0.609375,12.5
7.03125,0.60546875,13.125
6.5,0.61328125,12.625
6.65625,0.60546875,12.75
6.59375,0.59765625,12.5625
6.5,0.63671875,12.875
6.59375,0.609375,12.6875
6.46875,0.65625,13.0
7.09375,0.60546875,13.125
6.9375,0.60546875,13.0
6.53125,0.609375,12.625
6.84375,0.6015625,12.875
6.78125,0.609375,12.875
6.78125,0.63671875,13.125
6.625,0.59765625,12.625
6.40625,0.66015625,13.0
6.625,0.59375,12.5625
6.84375,0.609375,12.9375
6.8125,0.62109375,13.0
7.25,0.609375,13.375
6.90625,0.64453125,13.375
6.71875,0.59375,12.625
6.34375,0.625,12.625
6.625,0.59765625,12.625
6.625,0.61328125,12.75
6.40625,0.609375,12.5
6.84375,0.59375,12.75
6.125,0.6171875,12.3125
6.71875,0.62890625,13.0
6.65625,0.640625,13.0625
6.4375,0.60546875,12.5
7.03125,0.6171875,13.25
6.9375,0.6171875,13.125
6.40625,0.60546875,12.5
6.78125,0.60546875,12.875
6.65625,0.64453125,13.125
6.53125,0.59375,12.5
6.8125,0.59765625,12.75
6.71875,0.625,13.0
6.9375,0.63671875,13.3125
6.8125,0.61328125,12.9375
6.53125,0.59375,12.5
7.03125,0.5859375,12.875
7.0625,0.640625,13.5
6.84375,0.65625,13.375
6.90625,0.62109375,13.125
6.875,0.6015625,12.875
6.71875,0.578125,12.5
6.9375,0.609375,13.0
6.5625,0.6171875,12.75
6.78125,0.58203125,12.625
6.28125,0.59375,12.25
6.6875,0.59765625,12.625
7.0,0.6328125,13.3125
6.90625,0.59375,12.875
6.71875,0.625,13.0
6.65625,0.62890625,12.9375
6.3125,0.59375,12.25
6.75,0.609375,12.875
6.28125,0.625,12.5
6.53125,0.59375,12.5
6.625,0.6015625,12.625
6.78125,0.60546875,12.875
6.3125,0.59765625,12.25
6.53125,0.6015625,12.5
7.0,0.59375,12.9375
6.84375,0.59765625,12.8125
6.84375,0.59765625,12.8125
6.78125,0.609375,12.875
6.75,0.61328125,12.875
6.09375,0.6328125,12.375
6.40625,0.625,12.625
6.28125,0.6171875,12.5
6.75,0.625,13.0
7.09375,0.58984375,13.0
6.5,0.5859375,12.375
6.53125,0.59375,12.5
6.5,0.59375,12.4375
6.25,0.59375,12.1875
6.34375,0.58203125,12.125
6.5625,0.64453125,13.0
6.46875,0.609375,12.5625
6.9375,0.58984375,12.875
6.3125,0.6171875,12.5
6.125,0.625,12.375
6.9375,0.5859375,12.8125
6.21875,0.61328125,12.375
6.75,0.58984375,12.625
6.6875,0.60546875,12.75
6.6875,0.6015625,12.6875
6.8125,0.60546875,12.875
6.4375,0.62890625,12.75
6.6875,0.59375,12.625
6.8125,0.59375,12.75
6.625,0.59765625,12.625
6.84375,0.59765625,12.8125
6.625,0.58984375,12.5
6.1875,0.59375,12.125
6.375,0.62890625,12.625
7.09375,0.61328125,13.25
6.78125,0.61328125,12.875
6.71875,0.6328125,13.0
6.6875,0.6171875,12.875
6.5625,0.6171875,12.75
6.40625,0.5859375,12.25
6.53125,0.59375,12.5
6.84375,0.578125,12.625
6.6875,0.60546875,12.75
6.46875,0.60546875,12.5
7.125,0.59375,13.0625
6.96875,0.59765625,12.9375
6.875,0.61328125,13.0
6.28125,0.58984375,12.1875
6.53125,0.60546875,12.625
6.5,0.625,12.75
6.53125,0.60546875,12.625
6.21875,0.625,12.5
7.15625,0.578125,12.9375
5.75,0.65234375,12.25
7.0,0.609375,13.125
6.0625,0.6640625,12.6875
6.5625,0.59375,12.5
6.28125,0.59375,12.25
7.0,0.609375,13.125
6.75,0.62109375,13.0
6.5,0.609375,12.625
6.5625,0.57421875,12.3125
6.4375,0.63671875,12.8125
6.65625,0.61328125,12.75
7.15625,0.59765625,13.125
6.28125,0.578125,12.0625
5.84375,0.62890625,12.125
6.65625,0.625,12.875
6.90625,0.58984375,12.8125
6.875,0.59765625,12.875
6.96875,0.59765625,12.9375
7.09375,0.58203125,12.875
6.53125,0.5859375,12.375
6.3125,0.59375,12.25
6.46875,0.625,12.75
6.4375,0.62109375,12.625
6.4375,0.61328125,12.5625
5.90625,0.609375,12.0
6.53125,0.625,12.75
6.59375,0.58203125,12.375
7.03125,0.58203125,12.875
6.09375,0.6484375,12.625
6.625,0.60546875,12.6875
6.6875,0.609375,12.75
6.0,0.65625,12.5625
6.28125,0.60546875,12.375
6.125,0.61328125,12.25
6.5,0.625,12.75
6.03125,0.59765625,12.0
6.09375,0.6171875,12.25
6.03125,0.59765625,12.0
6.03125,0.64453125,12.5
6.4375,0.609375,12.5
6.25,0.609375,12.375
6.5,0.609375,12.625
7.0,0.59375,12.9375
6.28125,0.6171875,12.5
6.8125,0.57421875,12.5625
6.21875,0.59375,12.125
6.09375,0.6015625,12.125
6.3125,0.59375,12.25
6.46875,0.60546875,12.5
6.15625,0.609375,12.25
6.46875,0.640625,12.875
6.75,0.5859375,12.625
6.5,0.6015625,12.5
6.5625,0.58984375,12.5
6.3125,0.63671875,12.6875
6.1875,0.59765625,12.125
6.40625,0.59765625,12.375
6.4375,0.609375,12.5
6.625,0.62890625,12.875
6.625,0.578125,12.375
6.375,0.5859375,12.25
6.3125,0.58203125,12.125
6.5625,0.6015625,12.5625
6.21875,0.5859375,12.125
6.3125,0.60546875,12.375
6.40625,0.609375,12.5
6.3125,0.61328125,12.4375
6.15625,0.62890625,12.4375
6.53125,0.5859375,12.375
6.53125,0.61328125,12.625
6.5625,0.59375,12.5
6.46875,0.58203125,12.25
5.90625,0.640625,12.3125
7.1875,0.60546875,13.25
6.40625,0.59375,12.375
6.09375,0.5859375,12.0
6.09375,0.59765625,12.0625
6.4375,0.5859375,12.3125
6.28125,0.62890625,12.5625
6.375,0.64453125,12.8125
6.15625,0.6328125,12.5
6.625,0.62890625,12.875
6.46875,0.6015625,12.5
6.125,0.62109375,12.375
6.09375,0.59375,12.0
6.4375,0.58203125,12.25
6.84375,0.60546875,12.875
6.53125,0.625,12.75
6.25,0.59375,12.1875
6.53125,0.58984375,12.4375
6.03125,0.62890625,12.3125
6.59375,0.609375,12.6875
6.5625,0.6171875,12.75
6.71875,0.6015625,12.75
6.28125,0.6015625,12.25
6.21875,0.59765625,12.1875
6.53125,0.60546875,12.625
6.03125,0.59765625,12.0
6.25,0.6171875,12.4375
6.3125,0.6015625,12.3125
6.375,0.59765625,12.375
6.375,0.578125,12.125
6.6875,0.65625,13.25
6.21875,0.63671875,12.625
5.96875,0.625,12.25
6.3125,0.59765625,12.25
6.4375,0.60546875,12.5
6.125,0.6015625,12.125
6.34375,0.609375,12.4375
6.5625,0.6328125,12.875
5.9375,0.6015625,11.9375
6.0,0.62890625,12.25
6.40625,0.62109375,12.625
6.3125,0.62109375,12.5
6.65625,0.6015625,12.625
6.125,0.5859375,12.0
5.96875,0.62109375,12.1875
6.09375,0.59375,12.0
6.1875,0.58203125,12.0
6.40625,0.62109375,12.625
6.34375,0.609375,12.4375
6.375,0.6171875,12.5625
5.8125,0.609375,11.875
6.125,0.59375,12.0625
5.875,0.60546875,11.9375
6.15625,0.6328125,12.5
6.0625,0.59375,12.0
6.71875,0.5859375,12.625
6.34375,0.59765625,12.3125
6.5,0.60546875,12.5625
6.21875,0.62890625,12.5
6.25,0.6328125,12.5625
5.96875,0.58984375,11.875
5.96875,0.6015625,12.0
6.21875,0.6015625,12.25
6.53125,0.6015625,12.5
6.625,0.58984375,12.5
6.375,0.58984375,12.25
6.46875,0.6328125,12.75
5.96875,0.640625,12.375
6.25,0.578125,12.0
6.1875,0.59375,12.125
6.65625,0.57421875,12.375
6.15625,0.6015625,12.125
6.28125,0.61328125,12.375
6.59375,0.609375,12.6875
6.125,0.625,12.375
6.15625,0.63671875,12.5
6.8125,0.625,13.0625
6.15625,0.6015625,12.125
6.1875,0.609375,12.25
6.5,0.59765625,12.5
6.46875,0.60546875,12.5
6.59375,0.6484375,13.125
6.53125,0.61328125,12.625
6.3125,0.59765625,12.25
6.1875,0.59375,12.125
6.09375,0.64453125,12.5
6.25,0.58984375,12.125
6.1875,0.5859375,12.0625
5.65625,0.61328125,11.75
6.4375,0.6015625,12.4375
5.71875,0.59765625,11.6875
6.78125,0.6015625,12.75
6.3125,0.59765625,12.25
5.625,0.62109375,11.875
6.59375,0.59765625,12.5625
6.4375,0.60546875,12.5
6.25,0.609375,12.375
6.3125,0.6015625,12.3125
6.59375,0.5703125,12.25
6.125,0.59375,12.0625
6.1875,0.59375,12.125
6.6875,0.58984375,12.625
6.46875,0.58203125,12.25
5.71875,0.60546875,11.75
6.3125,0.609375,12.375
6.21875,0.6015625,12.25
5.96875,0.6328125,12.25
6.09375,0.58984375,12.0
6.25,0.578125,12.0
6.65625,0.58984375,12.5625
6.21875,0.64453125,12.625
6.0625,0.625,12.3125
6.3125,0.61328125,12.4375
5.9375,0.578125,11.75
6.40625,0.59765625,12.375
5.9375,0.5859375,11.8125
6.125,0.58203125,11.9375
6.15625,0.61328125,12.25
6.09375,0.59765625,12.0625
6.28125,0.59375,12.25
6.0625,0.59765625,12.0
6.4375,0.62109375,12.625
5.75,0.58984375,11.625
6.5625,0.57421875,12.3125
5.8125,0.6328125,12.125
6.21875,0.59375,12.125
5.96875,0.5859375,11.875
6.0625,0.59765625,12.0
5.71875,0.58203125,11.5
6.5,0.60546875,12.5625
6.3125,0.58203125,12.125
5.65625,0.5859375,11.5
6.03125,0.6171875,12.25
5.75,0.609375,11.875
5.9375,0.6171875,12.125
6.0,0.59375,11.9375
6.1875,0.6171875,12.375
6.125,0.59765625,12.125
6.28125,0.59765625,12.25
6.4375,0.6328125,12.75
6.0625,0.64453125,12.5
5.96875,0.62890625,12.25
5.9375,0.58984375,11.875
5.71875,0.6015625,11.75
6.3125,0.5703125,12.0
6.125,0.578125,11.875
6.0,0.63671875,12.375
6.0,0.5859375,11.875
6.1875,0.59375,12.125
6.25,0.58203125,12.0625
6.03125,0.58984375,11.9375
5.96875,0.609375,12.0625
6.0625,0.58203125,11.875
6.3125,0.6015625,12.3125
6.25,0.6171875,12.4375
6.0625,0.57421875,11.8125
5.8125,0.640625,12.25
5.90625,0.59765625,11.875
5.75,0.6015625,11.75
5.9375,0.62109375,12.125
6.15625,0.6015625,12.125
6.1875,0.609375,12.25
6.0,0.58203125,11.8125
5.8125,0.61328125,11.9375
5.40625,0.62109375,11.625
6.625,0.59375,12.5625
5.5,0.59765625,11.5
5.96875,0.62109375,12.1875
6.0,0.60546875,12.0625
5.96875,0.625,12.25
5.96875,0.62109375,12.1875
6.0,0.60546875,12.0625
6.4375,0.60546875,12.5
6.09375,0.578125,11.875
5.75,0.58984375,11.625
6.09375,0.6015625,12.125
5.9375,0.58984375,11.875
6.40625,0.609375,12.5
5.875,0.59765625,11.875
6.46875,0.5859375,12.375
5.90625,0.60546875,12.0
6.25,0.59765625,12.25
5.9375,0.609375,12.0
5.96875,0.58203125,11.75
5.96875,0.6328125,12.25
5.96875,0.57421875,11.75
5.59375,0.609375,11.6875
6.09375,0.64453125,12.5
6.0625,0.59765625,12.0
5.9375,0.60546875,12.0
6.1875,0.60546875,12.25
5.875,0.5859375,11.75
6.1875,0.60546875,12.25
5.875,0.609375,12.0
5.8125,0.62109375,12.0
5.78125,0.57421875,11.5
5.875,0.5859375,11.75
6.46875,0.6015625,12.5
5.78125,0.5859375,11.625
6.28125,0.59765625,12.25
5.8125,0.58203125,11.625
6.6875,0.6171875,12.875
6.0625,0.62109375,12.25
6.0,0.5703125,11.6875
6.1875,0.64453125,12.625
6.46875,0.6015625,12.5
5.90625,0.6171875,12.125
6.03125,0.58203125,11.875
6.5,0.6171875,12.6875
6.34375,0.58203125,12.125
5.78125,0.58203125,11.625
5.8125,0.6171875,12.0
6.0,0.625,12.25
5.75,0.609375,11.875
6.03125,0.58203125,11.875
5.8125,0.578125,11.625
5.90625,0.58984375,11.8125
5.71875,0.6171875,11.875
6.125,0.59375,12.0625
5.625,0.58984375,11.5
5.84375,0.59765625,11.8125
5.84375,0.56640625,11.5
5.84375,0.640625,12.25
5.9375,0.58203125,11.75
5.71875,0.58203125,11.5
5.875,0.61328125,12.0
6.125,0.59765625,12.125
5.6875,0.5859375,11.5625
6.125,0.609375,12.25
6.40625,0.59765625,12.375
5.5625,0.63671875,11.9375
6.03125,0.57421875,11.75
6.25,0.6015625,12.25
5.9375,0.60546875,12.0
5.875,0.61328125,12.0
5.96875,0.61328125,12.125
5.6875,0.6015625,11.6875
5.90625,0.609375,12.0
5.71875,0.6171875,11.875
6.3125,0.58203125,12.125
5.90625,0.57421875,11.625
5.75,0.58203125,11.5625
5.59375,0.625,11.875
6.03125,0.58203125,11.875
6.03125,0.5859375,11.875
6.03125,0.578125,11.8125
5.6875,0.6171875,11.875
5.34375,0.6015625,11.375
6.21875,0.578125,12.0
6.15625,0.6171875,12.375
5.9375,0.5859375,11.8125
5.625,0.63671875,12.0
6.09375,0.62109375,12.3125
6.09375,0.59765625,12.0625
6.1875,0.60546875,12.25
6.0625,0.61328125,12.1875
6.3125,0.59375,12.25
5.6875,0.6015625,11.6875
6.03125,0.61328125,12.125
5.46875,0.66015625,12.0625
5.65625,0.60546875,11.75
6.09375,0.625,12.375
5.59375,0.62890625,11.875
5.75,0.6171875,11.9375
6.1875,0.60546875,12.25
5.78125,0.59375,11.75
5.78125,0.61328125,11.875
6.15625,0.58984375,12.0625
5.96875,0.63671875,12.375
5.9375,0.62109375,12.125
6.25,0.58984375,12.125
6.09375,0.58203125,11.875
5.75,0.59765625,11.75
6.09375,0.59765625,12.0625
5.84375,0.57421875,11.625
6.28125,0.59765625,12.25
5.875,0.58203125,11.6875
5.84375,0.58203125,11.625
6.3125,0.59375,12.25
5.96875,0.57421875,11.75
6.09375,0.59375,12.0
6.03125,0.59375,12.0
5.8125,0.578125,11.625
6.15625,0.61328125,12.25
5.6875,0.59765625,11.625
5.8125,0.61328125,11.9375
5.96875,0.59375,11.875
5.78125,0.59765625,11.75
6.125,0.578125,11.875
5.9375,0.6171875,12.125
5.46875,0.609375,11.5625
5.96875,0.58984375,11.875
5.78125,0.60546875,11.875
6.0,0.62890625,12.25
5.90625,0.5703125,11.625
6.1875,0.58203125,12.0
5.5625,0.59375,11.5
5.65625,0.65234375,12.1875
5.9375,0.6015625,11.9375
6.0625,0.61328125,12.1875
5.65625,0.6640625,12.25
5.59375,0.59765625,11.5625
6.28125,0.58203125,12.125
5.8125,0.57421875,11.5625
5.9375,0.56640625,11.625
5.625,0.578125,11.375
5.8125,0.58984375,11.75
6.09375,0.578125,11.875
5.8125,0.6015625,11.8125
5.75,0.640625,12.125
6.0625,0.57421875,11.8125
5.96875,0.62890625,12.25
5.78125,0.57421875,11.5
5.46875,0.60546875,11.5
6.03125,0.57421875,11.75
5.65625,0.59765625,11.625
5.75,0.55859375,11.375
5.3125,0.5703125,11.0
6.0625,0.59375,12.0
5.90625,0.58984375,11.8125
6.1875,0.609375,12.25
5.9375,0.6015625,11.9375
6.0,0.5703125,11.6875
6.09375,0.62109375,12.3125
6.28125,0.5703125,12.0
6.03125,0.58203125,11.875
5.65625,0.59375,11.625
5.4375,0.59765625,11.375
6.125,0.60546875,12.1875
5.65625,0.578125,11.4375
6.09375,0.59765625,12.0625
5.6875,0.6328125,12.0
5.8125,0.5859375,11.6875
5.65625,0.58203125,11.5
5.59375,0.6015625,11.625
5.9375,0.5859375,11.8125
5.84375,0.609375,11.9375
5.65625,0.5859375,11.5
5.90625,0.5859375,11.75
5.75,0.58984375,11.625
5.25,0.57421875,11.0
5.8125,0.60546875,11.875
5.71875,0.59765625,11.6875
6.25,0.6171875,12.4375
5.90625,0.5859375,11.75
5.5625,0.57421875,11.3125
5.8125,0.60546875,11.875
5.9375,0.5546875,11.5
5.65625,0.58203125,11.5
5.4375,0.578125,11.25
5.5,0.58203125,11.3125
5.96875,0.61328125,12.125
5.5625,0.5625,11.1875
5.9375,0.5703125,11.625
5.5,0.60546875,11.5625
5.625,0.61328125,11.75
5.78125,0.5703125,11.5
5.78125,0.56640625,11.4375
5.78125,0.62109375,12.0
5.6875,0.56640625,11.375
5.46875,0.56640625,11.125
5.9375,0.56640625,11.625
5.84375,0.58984375,11.75
5.65625,0.546875,11.125
6.0625,0.578125,11.875
5.75,0.5703125,11.4375
5.5,0.61328125,11.625
5.8125,0.6015625,11.8125
6.28125,0.546875,11.75
5.40625,0.57421875,11.125
5.71875,0.57421875,11.5
5.53125,0.65625,12.125
5.9375,0.6015625,11.9375
5.71875,0.63671875,12.125
5.78125,0.57421875,11.5
6.0,0.59765625,12.0
5.8125,0.56640625,11.5
5.375,0.55078125,10.875
5.8125,0.5546875,11.375
6.1875,0.546875,11.625
5.375,0.59765625,11.375
5.71875,0.58984375,11.625
5.1875,0.62890625,11.5
5.6875,0.625,11.9375
5.6875,0.625,11.9375
5.75,0.578125,11.5
5.59375,0.61328125,11.75
5.8125,0.578125,11.625
5.4375,0.5703125,11.125
5.46875,0.58984375,11.375
5.5,0.57421875,11.25
5.75,0.5625,11.375
6.0625,0.578125,11.875
5.5,0.58203125,11.3125
5.84375,0.55078125,11.375
5.59375,0.5859375,11.5
5.21875,0.63671875,11.625
5.5625,0.55859375,11.125
5.5,0.58984375,11.375
5.28125,0.60546875,11.375
5.875,0.578125,11.625
5.25,0.58984375,11.125
5.375,0.58203125,11.1875
5.96875,0.60546875,12.0
5.59375,0.55859375,11.1875
5.6875,0.6171875,11.875
5.34375,0.57421875,11.125
5.75,0.60546875,11.8125
5.40625,0.62109375,11.625
5.375,0.55859375,11.0
5.53125,0.609375,11.625
5.46875,0.58984375,11.375
5.9375,0.54296875,11.375
5.53125,0.5703125,11.25
5.0625,0.6171875,11.25
5.5,0.5390625,10.875
5.4375,0.59375,11.375
5.71875,0.57421875,11.5
5.90625,0.5859375,11.75
5.84375,0.5703125,11.5
5.5,0.578125,11.25
5.6875,0.62109375,11.875
5.40625,0.6015625,11.375
5.6875,0.59375,11.625
5.71875,0.5859375,11.625
5.375,0.67578125,12.125
5.78125,0.58984375,11.6875
5.5,0.58984375,11.375
5.6875,0.56640625,11.375
5.5625,0.62109375,11.75
5.6875,0.625,11.9375
5.5,0.60546875,11.5625
5.4375,0.5546875,11.0
6.03125,0.60546875,12.125
5.90625,0.5703125,11.625
5.53125,0.5625,11.125
5.53125,0.59375,11.5
5.5,0.5703125,11.1875
5.4375,0.58984375,11.375
5.40625,0.55078125,10.875
5.46875,0.5625,11.125
5.71875,0.56640625,11.375
5.59375,0.6015625,11.625
5.375,0.5703125,11.0625
5.6875,0.5546875,11.25
5.84375,0.5703125,11.5
5.0625,0.5625,10.6875
5.65625,0.61328125,11.75
5.34375,0.60546875,11.375
5.6875,0.53515625,11.0
5.46875,0.58203125,11.25
5.46875,0.53515625,10.8125
5.34375,0.57421875,11.125
5.15625,0.5859375,11.0
5.8125,0.59375,11.75
5.53125,0.59765625,11.5
5.625,0.58203125,11.4375
5.75,0.5546875,11.3125
5.0625,0.55078125,10.5625
5.1875,0.62109375,11.375
5.46875,0.57421875,11.25
5.875,0.53125,11.1875
5.5,0.56640625,11.125
5.8125,0.5703125,11.5
5.375,0.5625,11.0
5.46875,0.57421875,11.25
5.75,0.5625,11.375
5.71875,0.546875,11.1875
5.75,0.63671875,12.125
5.625,0.5390625,11.0
5.28125,0.578125,11.0625
5.15625,0.55859375,10.75
5.5625,0.6015625,11.5625
5.46875,0.546875,10.9375
5.78125,0.56640625,11.4375
5.625,0.5859375,11.5
5.71875,0.57421875,11.5
5.4375,0.56640625,11.125
5.3125,0.58984375,11.25
5.4375,0.59765625,11.375
5.625,0.546875,11.125
5.71875,0.578125,11.5
5.71875,0.53125,11.0
5.40625,0.56640625,11.0625
5.3125,0.55859375,10.875
5.375,0.54296875,10.8125
5.84375,0.53515625,11.1875
5.28125,0.56640625,10.9375
5.34375,0.5390625,10.75
5.4375,0.5625,11.0625
4.875,0.52734375,10.125
5.125,0.58203125,10.9375
5.46875,0.5859375,11.375
5.25,0.53515625,10.625
5.59375,0.55078125,11.125
5.34375,0.52734375,10.625
5.4375,0.5546875,11.0
5.375,0.56640625,11.0
5.34375,0.6015625,11.375
5.15625,0.5625,10.75
5.46875,0.5703125,11.125
5.40625,0.578125,11.1875
5.46875,0.53125,10.75
5.5,0.5390625,10.875
5.28125,0.54296875,10.75
5.15625,0.5625,10.75
5.375,0.5234375,10.625
5.28125,0.58203125,11.125
5.375,0.57421875,11.125
5.28125,0.57421875,11.0
5.4375,0.53515625,10.75
5.25,0.5546875,10.8125
5.40625,0.62109375,11.625
5.0625,0.56640625,10.75
5.1875,0.55078125,10.6875
5.09375,0.6015625,11.125
5.0625,0.59375,11.0
5.0,0.5546875,10.5625
5.3125,0.53125,10.625
5.78125,0.55078125,11.25
5.375,0.5703125,11.0625
5.40625,0.55078125,10.875
5.25,0.51953125,10.4375
4.875,0.5703125,10.5625
5.53125,0.52734375,10.8125
5.125,0.5,10.125
5.0,0.5546875,10.5625
5.5625,0.55078125,11.0625
5.40625,0.62890625,11.6875
5.53125,0.59375,11.5
5.0625,0.54296875,10.5
5.3125,0.51171875,10.4375
5.46875,0.59375,11.375
5.0625,0.5703125,10.75
5.4375,0.56640625,11.125
5.21875,0.53515625,10.5625
5.15625,0.56640625,10.8125
5.0,0.5390625,10.375
5.3125,0.58203125,11.125
5.0,0.546875,10.5
5.4375,0.51953125,10.625
4.9375,0.640625,11.375
5.375,0.546875,10.875
5.40625,0.53515625,10.75
5.375,0.5234375,10.625
5.5625,0.546875,11.0
4.78125,0.60546875,10.875
4.90625,0.56640625,10.5625
5.40625,0.51171875,10.5
5.125,0.546875,10.625
5.125,0.5703125,10.8125
5.4375,0.55078125,10.9375
5.40625,0.5390625,10.75
5.40625,0.5234375,10.625
5.3125,0.5234375,10.5625
5.59375,0.5078125,10.625
5.84375,0.56640625,11.5
5.28125,0.5625,10.875
5.1875,0.5390625,10.5625
5.125,0.5390625,10.5
5.34375,0.51953125,10.5
5.40625,0.53515625,10.75
5.25,0.5234375,10.5
5.3125,0.5625,10.9375
5.46875,0.5859375,11.375
5.0625,0.59375,11.0
5.1875,0.515625,10.375
5.21875,0.58203125,11.0
5.34375,0.53125,10.625
5.40625,0.5625,11.0
5.46875,0.58203125,11.25
4.96875,0.609375,11.0625
5.125,0.5703125,10.8125
4.8125,0.54296875,10.25
4.875,0.54296875,10.3125
5.21875,0.578125,11.0
5.21875,0.498046875,10.1875
5.1875,0.5234375,10.4375
5.03125,0.60546875,11.125
5.25,0.59375,11.1875
5.125,0.51171875,10.25
5.28125,0.54296875,10.75
4.96875,0.546875,10.4375
4.96875,0.51171875,10.125
5.09375,0.55859375,10.6875
5.15625,0.55078125,10.625
5.0625,0.54296875,10.5
4.875,0.5390625,10.25
4.96875,0.515625,10.125
5.15625,0.51171875,10.25
5.65625,0.51953125,10.875
5.1875,0.55859375,10.75
4.96875,0.5546875,10.5
5.1875,0.5625,10.8125
5.34375,0.53125,10.625
5.21875,0.51953125,10.375
5.15625,0.56640625,10.8125
5.21875,0.51171875,10.375
5.15625,0.5546875,10.75
5.21875,0.51171875,10.375
5.1875,0.53125,10.5
5.5,0.5390625,10.875
5.34375,0.515625,10.5
5.125,0.55859375,10.75
5.1875,0.51171875,10.3125
5.53125,0.59375,11.5
5.0,0.5390625,10.375
5.125,0.51953125,10.3125
5.25,0.53515625,10.625
5.09375,0.5546875,10.625
5.03125,0.51171875,10.125
4.96875,0.6015625,11.0
4.8125,0.48828125,9.6875
5.15625,0.5859375,11.0
5.4375,0.53515625,10.75
5.03125,0.58203125,10.875
4.9375,0.62109375,11.125
5.0625,0.55859375,10.625
5.03125,0.53515625,10.375
5.5,0.57421875,11.25
5.15625,0.55078125,10.625
5.09375,0.6015625,11.125
4.96875,0.515625,10.125
5.34375,0.5546875,10.875
5.25,0.55859375,10.875
4.8125,0.5625,10.4375
4.96875,0.55859375,10.5625
5.03125,0.515625,10.1875
5.15625,0.5,10.125
4.65625,0.62109375,10.875
5.15625,0.59765625,11.125
5.21875,0.55859375,10.8125
5.21875,0.578125,11.0
5.1875,0.54296875,10.625
4.59375,0.50390625,9.625
4.9375,0.4921875,9.875
5.15625,0.55078125,10.625
4.875,0.5078125,9.9375
5.1875,0.546875,10.625
4.8125,0.50390625,9.875
5.03125,0.53125,10.375
4.96875,0.52734375,10.25
5.25,0.4765625,10.0
4.78125,0.5234375,10.0
4.84375,0.5546875,10.375
5.0,0.482421875,9.8125
5.0,0.5546875,10.5625
5.34375,0.53125,10.625
4.90625,0.5078125,10.0
4.8125,0.5234375,10.0625
5.0625,0.53125,10.375
5.15625,0.55859375,10.75
5.15625,0.5390625,10.5
5.0625,0.51171875,10.1875
5.1875,0.51171875,10.3125
4.96875,0.50390625,10.0
5.21875,0.55078125,10.75
5.25,0.50390625,10.25
5.1875,0.52734375,10.5
4.9375,0.5546875,10.5
4.9375,0.52734375,10.25
5.1875,0.5546875,10.75
5.0,0.484375,9.875
4.96875,0.53125,10.25
5.125,0.546875,10.625
5.125,0.50390625,10.125
4.96875,0.5,10.0
5.1875,0.546875,10.625
4.9375,0.484375,9.75
4.75,0.55078125,10.25
5.21875,0.53125,10.5
5.09375,0.546875,10.5625
4.96875,0.5234375,10.25
4.9375,0.53125,10.25
4.96875,0.53125,10.25
4.5625,0.55078125,10.0625
4.8125,0.474609375,9.5625
5.34375,0.50390625,10.375
5.375,0.51953125,10.5625
4.9375,0.5546875,10.5
5.34375,0.54296875,10.75
5.28125,0.55859375,10.875
4.9375,0.51953125,10.125
5.3125,0.5390625,10.6875
4.8125,0.57421875,10.5625
5.0625,0.59375,11.0
5.0625,0.52734375,10.375
4.84375,0.50390625,9.875
5.0625,0.5234375,10.3125
5.15625,0.55078125,10.625
4.9375,0.5703125,10.625
5.40625,0.52734375,10.6875
5.09375,0.546875,10.5625
4.8125,0.59765625,10.75
5.03125,0.5234375,10.25
5.0,0.54296875,10.4375
4.96875,0.54296875,10.375
4.9375,0.546875,10.375
4.875,0.53515625,10.25
4.53125,0.5703125,10.25
5.0625,0.5390625,10.4375
4.90625,0.5,9.875
5.1875,0.54296875,10.625
5.125,0.54296875,10.5625
4.9375,0.498046875,9.875
4.8125,0.65234375,11.375
4.84375,0.55078125,10.375
4.65625,0.54296875,10.125
5.125,0.51953125,10.3125
5.1875,0.54296875,10.625
5.3125,0.55078125,10.8125
4.875,0.57421875,10.625
5.1875,0.546875,10.625
5.21875,0.54296875,10.625
5.4375,0.546875,10.875
4.625,0.55078125,10.125
5.09375,0.498046875,10.0625
4.9375,0.55078125,10.4375
4.84375,0.5546875,10.375
5.53125,0.56640625,11.1875
4.75,0.62109375,11.0
4.78125,0.5703125,10.5
4.90625,0.52734375,10.1875
5.125,0.498046875,10.125
5.03125,0.498046875,10.0
4.8125,0.546875,10.25
5.0,0.47265625,9.75
4.90625,0.5234375,10.125
4.875,0.51953125,10.0625
4.71875,0.5234375,10.0
5.0,0.546875,10.5
4.78125,0.466796875,9.4375
4.75,0.5234375,10.0
4.875,0.46484375,9.5
5.0625,0.51953125,10.25
5.0625,0.6484375,11.5625
4.78125,0.59375,10.75
5.25,0.4921875,10.1875
5.03125,0.5703125,10.75
4.78125,0.4921875,9.75
5.0625,0.56640625,10.75
4.6875,0.49609375,9.625
5.0625,0.5390625,10.4375
4.78125,0.625,11.0
5.09375,0.52734375,10.375
5.125,0.470703125,9.875
5.125,0.4921875,10.0625
4.6875,0.5234375,9.9375
5.0625,0.49609375,10.0
4.875,0.51171875,10.0
4.84375,0.46875,9.5
4.875,0.59765625,10.875
5.0625,0.53125,10.375
5.09375,0.54296875,10.5
4.59375,0.494140625,9.5
4.84375,0.59765625,10.8125
4.5,0.51953125,9.6875
4.5,0.5234375,9.75
4.75,0.51953125,9.9375
5.28125,0.49609375,10.25
5.09375,0.51953125,10.25
4.71875,0.55078125,10.25
5.125,0.51953125,10.3125
4.96875,0.546875,10.4375
5.21875,0.52734375,10.5
4.8125,0.5703125,10.5
5.15625,0.5390625,10.5
4.875,0.51953125,10.0625
4.90625,0.57421875,10.625
5.0,0.57421875,10.75
4.9375,0.55078125,10.4375
4.53125,0.546875,10.0
5.09375,0.5625,10.75
5.0,0.50390625,10.0
4.875,0.546875,10.375
5.03125,0.53515625,10.375
4.875,0.54296875,10.3125
5.09375,0.5625,10.75
4.78125,0.515625,9.9375
5.0,0.546875,10.5
4.78125,0.54296875,10.25
5.03125,0.4609375,9.625
4.90625,0.48828125,9.75
4.96875,0.48828125,9.875
5.15625,0.490234375,10.0625
4.4375,0.515625,9.625
5.28125,0.5390625,10.625
4.71875,0.51953125,9.875
5.03125,0.54296875,10.5
4.875,0.4921875,9.8125
4.78125,0.51953125,10.0
4.875,0.5390625,10.25
5.1875,0.51171875,10.3125
5.0,0.5703125,10.6875
4.9375,0.53515625,10.25
4.78125,0.51953125,10.0
4.75,0.57421875,10.5
5.1875,0.51171875,10.3125
5.0625,0.482421875,9.875
5.09375,0.515625,10.25
4.53125,0.486328125,9.375
4.78125,0.62109375,11.0
4.84375,0.5234375,10.125
4.84375,0.53515625,10.1875
4.9375,0.5078125,10.0
4.75,0.51171875,9.875
4.8125,0.59765625,10.75
4.9375,0.53125,10.25
4.78125,0.5078125,9.875
4.78125,0.48828125,9.625
5.125,0.5078125,10.1875
4.875,0.51171875,10.0
5.0625,0.59765625,11.0
4.71875,0.56640625,10.375
4.78125,0.5703125,10.5
5.15625,0.5078125,10.25
4.875,0.59765625,10.875
5.0625,0.458984375,9.625
4.59375,0.4609375,9.25
4.78125,0.51171875,9.875
4.59375,0.455078125,9.125
4.78125,0.53515625,10.125
4.78125,0.486328125,9.625
4.5,0.48828125,9.375
4.96875,0.5625,10.625
5.21875,0.5390625,10.625
4.625,0.5078125,9.6875
5.0625,0.5625,10.6875
5.0,0.53125,10.3125
4.78125,0.490234375,9.6875
4.75,0.52734375,10.0
5.125,0.56640625,10.75
4.78125,0.5078125,9.875
4.59375,0.51171875,9.75
4.96875,0.56640625,10.625
4.59375,0.58984375,10.5
4.6875,0.48046875,9.5
4.71875,0.5078125,9.75
4.75,0.5078125,9.8125
5.25,0.484375,10.125
4.625,0.482421875,9.4375
5.25,0.482421875,10.0625
5.0,0.53515625,10.375
4.90625,0.546875,10.375
4.5625,0.515625,9.75
4.90625,0.515625,10.0625
4.78125,0.53125,10.125
4.96875,0.53125,10.25
4.6875,0.54296875,10.125
4.65625,0.53125,10.0
4.9375,0.48046875,9.75
4.75,0.4453125,9.1875
5.0,0.5078125,10.0625
4.5625,0.5390625,9.9375
4.90625,0.52734375,10.1875
4.46875,0.482421875,9.25
4.71875,0.451171875,9.25
4.9375,0.515625,10.125
4.71875,0.5078125,9.75
4.65625,0.546875,10.125
4.5625,0.5,9.5625
4.4375,0.451171875,8.9375
4.96875,0.51171875,10.125
5.0625,0.5625,10.6875
4.875,0.59375,10.8125
4.75,0.470703125,9.5
4.9375,0.53125,10.25
4.6875,0.451171875,9.1875
5.09375,0.5078125,10.125
4.84375,0.54296875,10.25
4.8125,0.52734375,10.125
4.6875,0.482421875,9.5
4.9375,0.5078125,10.0
4.53125,0.5625,10.125
4.5625,0.484375,9.375
5.03125,0.4765625,9.75
4.78125,0.5,9.75
5.0,0.48046875,9.8125
4.75,0.55859375,10.375
4.90625,0.447265625,9.375
4.78125,0.47265625,9.5
4.65625,0.5546875,10.25
5.0,0.5,10.0
4.65625,0.59765625,10.625
4.6875,0.478515625,9.5
4.8125,0.5078125,9.875
4.59375,0.443359375,9.0
4.875,0.5546875,10.4375
4.8125,0.50390625,9.875
4.6875,0.53125,10.0
4.9375,0.443359375,9.375
4.53125,0.55859375,10.125
4.65625,0.470703125,9.375
4.9375,0.5546875,10.5
4.84375,0.5625,10.5
4.65625,0.50390625,9.6875
4.53125,0.609375,10.625
4.375,0.52734375,9.625
4.875,0.5625,10.5
4.78125,0.5390625,10.125
4.84375,0.478515625,9.625
4.78125,0.53515625,10.125
4.375,0.5625,10.0
4.71875,0.5625,10.375
4.6875,0.52734375,10.0
4.53125,0.466796875,9.1875
4.75,0.49609375,9.75
5.125,0.5625,10.75
4.75,0.50390625,9.75
4.5,0.5234375,9.75
4.8125,0.50390625,9.875
4.625,0.5,9.625
4.53125,0.5078125,9.625
4.65625,0.46484375,9.3125
4.8125,0.58203125,10.625
4.84375,0.470703125,9.5625
4.625,0.55859375,10.25
4.8125,0.49609375,9.75
5.1875,0.55078125,10.6875
4.9375,0.4765625,9.6875
4.75,0.52734375,10.0
4.46875,0.466796875,9.125
4.625,0.53515625,10.0
4.96875,0.55859375,10.5625
4.46875,0.5859375,10.375
4.5,0.5546875,10.0625
4.84375,0.5859375,10.75
4.84375,0.56640625,10.5
4.75,0.5625,10.375
4.9375,0.5625,10.5625
4.875,0.5,9.875
4.6875,0.49609375,9.625
4.71875,0.640625,11.125
4.65625,0.5078125,9.75
4.875,0.5,9.875
4.59375,0.5234375,9.875
4.875,0.47265625,9.625
4.75,0.64453125,11.1875
4.65625,0.48828125,9.5
5.0625,0.5625,10.6875
4.875,0.52734375,10.125
4.6875,0.5,9.6875
4.9375,0.53125,10.25
4.6875,0.474609375,9.4375
4.78125,0.59375,10.75
5.0625,0.5,10.0625
4.625,0.5234375,9.875
4.65625,0.55859375,10.25
4.75,0.49609375,9.75
4.84375,0.4921875,9.75
4.59375,0.4609375,9.25
4.875,0.46484375,9.5
4.8125,0.44140625,9.25
5.0625,0.4921875,10.0
5.0,0.5859375,10.875
4.90625,0.5546875,10.5
4.53125,0.48828125,9.375
4.5625,0.46484375,9.25
4.59375,0.55078125,10.125
4.65625,0.474609375,9.375
4.65625,0.470703125,9.375
4.4375,0.5234375,9.6875
4.90625,0.4296875,9.25
4.875,0.4453125,9.3125
4.90625,0.494140625,9.875
4.90625,0.49609375,9.875
4.625,0.5859375,10.5
4.71875,0.49609375,9.6875
4.5625,0.5546875,10.125
4.6875,0.51953125,9.875
4.53125,0.494140625,9.5
4.71875,0.5234375,10.0
4.9375,0.435546875,9.25
4.9375,0.49609375,9.875
4.875,0.470703125,9.625
4.46875,0.498046875,9.4375
4.5625,0.4921875,9.5
4.71875,0.46875,9.375
4.15625,0.5546875,9.75
4.875,0.58203125,10.6875
4.625,0.52734375,9.875
4.59375,0.458984375,9.1875
4.8125,0.494140625,9.75
4.4375,0.578125,10.25
4.75,0.46484375,9.375
4.78125,0.46875,9.5
4.71875,0.435546875,9.0625
4.5625,0.4921875,9.5
4.5625,0.5234375,9.8125
4.625,0.4921875,9.5625
4.71875,0.4609375,9.375
4.65625,0.55078125,10.125
4.59375,0.57421875,10.375
4.625,0.48828125,9.5
4.65625,0.5078125,9.75
4.8125,0.5234375,10.0625
4.5,0.5859375,10.375
4.9375,0.462890625,9.5625
5.125,0.458984375,9.75
4.53125,0.5234375,9.75
4.75,0.54296875,10.1875
5.03125,0.458984375,9.625
4.875,0.52734375,10.125
5.125,0.490234375,10.0
4.53125,0.45703125,9.125
4.84375,0.609375,10.9375
4.65625,0.45703125,9.25
4.65625,0.51953125,9.875
4.875,0.52734375,10.125
4.71875,0.462890625,9.375
4.625,0.5234375,9.875
4.71875,0.498046875,9.6875
4.53125,0.5234375,9.75
4.75,0.4296875,9.0625
4.40625,0.55078125,9.875
4.5,0.58984375,10.375
5.0625,0.486328125,9.9375
4.59375,0.48828125,9.5
4.28125,0.5234375,9.5
4.75,0.515625,9.875
4.65625,0.4296875,9.0
4.625,0.498046875,9.625
5.09375,0.462890625,9.75
4.96875,0.52734375,10.25
5.15625,0.458984375,9.75
4.84375,0.458984375,9.4375
4.96875,0.55078125,10.5
4.625,0.48828125,9.5
4.78125,0.427734375,9.0625
4.78125,0.51953125,10.0
4.34375,0.427734375,8.625
4.5,0.4296875,8.8125
4.4375,0.4609375,9.0625
4.6875,0.494140625,9.625
4.8125,0.51953125,10.0
4.53125,0.515625,9.6875
4.46875,0.48828125,9.375
4.53125,0.486328125,9.375
4.5,0.490234375,9.375
4.75,0.546875,10.25
4.5625,0.58203125,10.375
4.59375,0.484375,9.4375
4.90625,0.51171875,10.0
4.65625,0.5546875,10.25
4.625,0.482421875,9.4375
4.625,0.51953125,9.8125
4.53125,0.546875,10.0
4.59375,0.486328125,9.5
4.625,0.44921875,9.125
4.53125,0.5234375,9.75
4.46875,0.52734375,9.75
5.34375,0.5859375,11.25
4.75,0.44921875,9.25
4.53125,0.451171875,9.0
4.8125,0.453125,9.375
4.5,0.42578125,8.75
4.5625,0.48828125,9.4375
4.84375,0.58203125,10.625
4.46875,0.51953125,9.625
4.78125,0.51171875,9.875
4.4375,0.546875,9.875
4.5625,0.486328125,9.4375
4.75,0.6484375,11.25
4.90625,0.5859375,10.75
4.3125,0.51953125,9.5
4.4375,0.515625,9.625
4.71875,0.45703125,9.25
4.53125,0.55078125,10.0
4.625,0.421875,8.875
4.5625,0.453125,9.125
4.6875,0.453125,9.25
4.6875,0.421875,8.875
4.53125,0.51171875,9.625
4.5625,0.5234375,9.8125
4.59375,0.42578125,8.875
4.9375,0.55078125,10.4375
4.78125,0.484375,9.625
4.59375,0.484375,9.4375
4.53125,0.55078125,10.0
5.0,0.458984375,9.625
4.84375,0.42578125,9.125
4.84375,0.51953125,10.0
4.78125,0.44921875,9.25
4.6875,0.5234375,9.9375
4.5625,0.44921875,9.0625
4.90625,0.486328125,9.75
4.46875,0.546875,9.9375
4.90625,0.515625,10.0625
4.8125,0.455078125,9.375
4.6875,0.484375,9.5
4.59375,0.451171875,9.125
4.59375,0.515625,9.75
4.53125,0.451171875,9.0
4.46875,0.53515625,9.8125
4.625,0.515625,9.75
4.21875,0.482421875,9.0
4.46875,0.51171875,9.625
4.96875,0.4453125,9.375
4.65625,0.484375,9.5
4.65625,0.609375,10.75
4.625,0.482421875,9.4375
4.65625,0.4140625,8.75
4.53125,0.5,9.5
4.59375,0.453125,9.125
4.71875,0.515625,9.875
4.5,0.486328125,9.375
4.625,0.447265625,9.125
4.90625,0.55078125,10.375
4.75,0.4453125,9.1875
4.6875,0.453125,9.25
4.59375,0.54296875,10.0
4.71875,0.5859375,10.625
4.46875,0.51953125,9.625
4.46875,0.51171875,9.625
4.28125,0.5859375,10.125
4.78125,0.458984375,9.375
4.78125,0.515625,9.9375
4.84375,0.5078125,9.875
4.6875,0.447265625,9.125
4.875,0.546875,10.375
4.71875,0.44921875,9.25
4.53125,0.474609375,9.25
4.4375,0.478515625,9.25
4.71875,0.546875,10.1875
4.46875,0.48828125,9.375
4.71875,0.474609375,9.5
4.65625,0.50390625,9.6875
4.5625,0.453125,9.125
4.5,0.546875,10.0
4.59375,0.546875,10.0625
4.78125,0.51171875,9.875
5.09375,0.443359375,9.5
4.75,0.4140625,8.875
4.625,0.451171875,9.125
4.40625,0.4765625,9.125
4.6875,0.5078125,9.75
4.4375,0.515625,9.625
4.59375,0.515625,9.75
4.625,0.515625,9.75
4.875,0.44921875,9.375
4.375,0.447265625,8.875
4.71875,0.546875,10.1875
4.75,0.51171875,9.875
4.375,0.54296875,9.8125
4.75,0.482421875,9.5625
4.4375,0.48046875,9.25
4.25,0.48046875,9.0625
4.5625,0.54296875,10.0
4.5,0.484375,9.375
4.5,0.443359375,8.9375
4.34375,0.4765625,9.125
4.59375,0.578125,10.375
4.375,0.515625,9.5
4.5625,0.47265625,9.25
4.6875,0.50390625,9.75
4.59375,0.478515625,9.375
5.0,0.474609375,9.75
4.25,0.546875,9.75
4.6875,0.447265625,9.125
4.8125,0.51171875,9.9375
4.78125,0.51171875,9.875
4.65625,0.51171875,9.75
4.71875,0.51171875,9.875
4.40625,0.4765625,9.125
4.46875,0.478515625,9.25
4.34375,0.482421875,9.125
4.28125,0.4765625,9.0
4.65625,0.546875,10.125
4.8125,0.44140625,9.25
4.84375,0.474609375,9.625
4.375,0.5703125,10.0625
4.5625,0.56640625,10.25
4.75,0.478515625,9.5
4.5625,0.64453125,11.0
4.8125,0.546875,10.25
4.3125,0.4453125,8.75
4.40625,0.546875,9.875
4.59375,0.515625,9.75
4.65625,0.51171875,9.75
4.8125,0.4765625,9.5625
4.5625,0.5703125,10.25
4.375,0.61328125,10.5
4.65625,0.5546875,10.25
4.59375,0.41015625,8.6875
4.09375,0.47265625,8.8125
4.6875,0.4453125,9.125
4.71875,0.484375,9.5625
4.8125,0.5390625,10.1875
4.625,0.51953125,9.8125
4.65625,0.5078125,9.75
4.59375,0.51171875,9.75
4.4375,0.451171875,8.9375
4.3125,0.51171875,9.4375
4.25,0.51171875,9.375
4.625,0.4453125,9.0625
4.65625,0.48046875,9.5
4.40625,0.4375,8.75
4.4375,0.578125,10.25
4.625,0.435546875,9.0
4.375,0.4375,8.75
4.65625,0.4765625,9.375
4.375,0.447265625,8.875
4.5,0.443359375,8.9375
4.625,0.48046875,9.4375
4.40625,0.515625,9.5625
4.375,0.546875,9.875
4.59375,0.478515625,9.375
4.5625,0.578125,10.375
4.71875,0.484375,9.5625
4.75,0.54296875,10.1875
4.4375,0.50390625,9.5
4.875,0.5078125,9.9375
4.375,0.48046875,9.1875
4.46875,0.5078125,9.5
4.75,0.50390625,9.75
4.53125,0.478515625,9.3125
4.5625,0.4453125,9.0
4.59375,0.4375,9.0
4.5625,0.44140625,9.0
4.59375,0.4453125,9.0
4.5,0.4453125,8.9375
4.5625,0.51171875,9.6875
4.375,0.54296875,9.8125
4.78125,0.447265625,9.25
4.75,0.546875,10.25
4.46875,0.47265625,9.1875
4.625,0.515625,9.75
4.78125,0.478515625,9.5625
4.34375,0.439453125,8.75
4.53125,0.51953125,9.75
4.71875,0.48046875,9.5
4.65625,0.5390625,10.0
4.1875,0.5859375,10.0625
4.625,0.4375,9.0
4.4375,0.404296875,8.5
4.40625,0.64453125,10.875
4.28125,0.53515625,9.625
4.34375,0.515625,9.5
4.4375,0.5390625,9.8125
4.34375,0.51171875,9.5
5.03125,0.46875,9.75
4.84375,0.57421875,10.625
4.6875,0.4765625,9.4375
4.5,0.54296875,9.9375
4.625,0.435546875,9.0
4.40625,0.474609375,9.125
4.53125,0.515625,9.6875
4.34375,0.50390625,9.375
4.5625,0.4296875,8.875
4.5,0.5390625,9.875
4.71875,0.41015625,8.8125
4.6875,0.4375,9.0625
4.59375,0.470703125,9.3125
4.25,0.50390625,9.25
4.25,0.3984375,8.25
4.28125,0.54296875,9.75
4.625,0.44140625,9.0
4.21875,0.478515625,9.0
4.5,0.47265625,9.25
4.375,0.5078125,9.4375
4.5,0.50390625,9.5
4.5,0.46875,9.1875
5.09375,0.5390625,10.5
4.78125,0.4375,9.125
4.5,0.53515625,9.875
4.34375,0.58203125,10.125
4.28125,0.5,9.25
4.53125,0.4765625,9.25
4.40625,0.43359375,8.75
4.4375,0.466796875,9.125
4.96875,0.478515625,9.75
4.5,0.50390625,9.5
4.28125,0.435546875,8.625
4.5625,0.431640625,8.875
4.78125,0.5390625,10.125
4.25,0.5390625,9.625
4.5625,0.5078125,9.625
4.65625,0.5,9.625
4.625,0.4375,9.0
4.65625,0.47265625,9.375
4.65625,0.43359375,9.0
4.8125,0.54296875,10.25
4.625,0.5078125,9.6875
4.8125,0.61328125,10.9375
4.65625,0.439453125,9.0625
4.46875,0.470703125,9.1875
4.5,0.54296875,9.9375
4.34375,0.458984375,8.9375
4.46875,0.4375,8.875
4.4375,0.439453125,8.875
4.40625,0.40234375,8.4375
4.625,0.4375,9.0
4.5,0.474609375,9.25
4.46875,0.5,9.5
4.71875,0.4765625,9.5
4.4375,0.5078125,9.5
4.5625,0.435546875,8.875
4.46875,0.470703125,9.1875
4.59375,0.439453125,9.0
4.5,0.462890625,9.125
4.28125,0.470703125,9.0
4.5,0.466796875,9.125
4.625,0.53515625,10.0
4.5,0.5390625,9.875
4.40625,0.4296875,8.75
4.625,0.43359375,9.0
4.6875,0.466796875,9.375
4.75,0.435546875,9.125
4.4375,0.50390625,9.5
4.46875,0.50390625,9.5
4.875,0.470703125,9.625
4.5625,0.43359375,8.875
4.25,0.4609375,8.875
4.0625,0.4375,8.4375
4.46875,0.466796875,9.125
4.71875,0.466796875,9.375
4.21875,0.4375,8.625
4.875,0.5703125,10.5625
4.65625,0.5,9.625
5.0625,0.4609375,9.6875
4.53125,0.46484375,9.1875
4.53125,0.3984375,8.5
4.4375,0.498046875,9.375
4.34375,0.47265625,9.0625
4.5,0.578125,10.25
5.0,0.46875,9.6875
4.65625,0.46875,9.375
4.25,0.50390625,9.25
4.875,0.396484375,8.875
4.375,0.53515625,9.75
4.625,0.5,9.625
4.59375,0.50390625,9.625
4.625,0.498046875,9.625
4.40625,0.5,9.375
4.53125,0.39453125,8.5
4.6875,0.5,9.6875
4.5,0.43359375,8.875
4.71875,0.46484375,9.375
4.65625,0.466796875,9.3125
4.5625,0.5390625,9.9375
4.59375,0.53515625,9.9375
4.65625,0.5390625,10.0
4.8125,0.5,9.8125
5.0,0.42578125,9.25
4.625,0.5390625,10.0
4.8125,0.462890625,9.4375
4.40625,0.498046875,9.375
4.5625,0.46484375,9.25
4.3125,0.46484375,9.0
4.78125,0.423828125,9.0
4.3125,0.5,9.3125
4.46875,0.5390625,9.875
4.5,0.5,9.5
4.5625,0.50390625,9.625
4.59375,0.455078125,9.125
4.46875,0.46875,9.125
4.5625,0.4609375,9.1875
4.40625,0.466796875,9.0625
4.625,0.5,9.625
4.5,0.46875,9.1875
4.4375,0.578125,10.25
4.34375,0.431640625,8.625
4.75,0.4296875,9.0625
4.65625,0.38671875,8.5
4.625,0.5390625,10.0
4.59375,0.390625,8.5
4.3125,0.384765625,8.125
4.65625,0.46484375,9.3125
4.71875,0.49609375,9.6875
4.40625,0.53515625,9.75
4.625,0.396484375,8.625
4.5625,0.427734375,8.875
4.34375,0.462890625,9.0
4.3125,0.5390625,9.6875
4.5625,0.53515625,9.875
4.3125,0.5,9.3125
4.375,0.427734375,8.625
4.59375,0.57421875,10.375
4.75,0.458984375,9.375
4.15625,0.431640625,8.5
4.40625,0.46875,9.125
4.53125,0.380859375,8.375
4.46875,0.53125,9.75
4.46875,0.4296875,8.75
4.71875,0.470703125,9.4375
4.125,0.3828125,7.9375
4.78125,0.470703125,9.5
4.65625,0.494140625,9.625
4.5,0.5390625,9.875
4.4375,0.462890625,9.0625
4.6875,0.49609375,9.625
4.46875,0.5,9.5
4.53125,0.4609375,9.125
4.15625,0.49609375,9.125
4.5,0.5703125,10.1875
4.375,0.458984375,9.0
4.40625,0.46484375,9.0625
4.71875,0.45703125,9.25
4.15625,0.57421875,9.875
4.4375,0.45703125,9.0
4.625,0.384765625,8.5
4.53125,0.458984375,9.125
4.5625,0.41796875,8.75
4.5,0.4296875,8.8125
4.65625,0.419921875,8.875
4.5,0.45703125,9.0625
4.75,0.42578125,9.0
4.75,0.4921875,9.6875
4.53125,0.421875,8.75
4.21875,0.54296875,9.625
3.984375,0.41796875,8.1875
4.5,0.421875,8.75
4.53125,0.498046875,9.5
4.4375,0.50390625,9.5
4.5,0.453125,9.0
4.40625,0.45703125,9.0
4.59375,0.421875,8.8125
4.5,0.5703125,10.1875
4.5625,0.50390625,9.625
4.65625,0.421875,8.875
4.59375,0.41796875,8.75
4.71875,0.494140625,9.625
4.34375,0.494140625,9.25
4.3125,0.53125,9.625
4.34375,0.455078125,8.875
4.5,0.494140625,9.4375
4.53125,0.494140625,9.5
4.71875,0.419921875,8.875
4.40625,0.53125,9.75
4.15625,0.49609375,9.125
4.71875,0.3828125,8.5625
4.40625,0.5703125,10.125
4.5,0.4921875,9.4375
4.25,0.419921875,8.4375
4.65625,0.462890625,9.25
4.375,0.388671875,8.25
4.21875,0.419921875,8.375
4.4375,0.49609375,9.375
4.28125,0.4609375,8.875
4.46875,0.41796875,8.625
4.1875,0.455078125,8.75
4.4375,0.451171875,8.9375
4.78125,0.5625,10.375
4.625,0.5703125,10.3125
4.59375,0.4921875,9.5
4.71875,0.421875,8.9375
4.59375,0.45703125,9.125
4.21875,0.37890625,8.0
4.65625,0.419921875,8.875
4.5,0.37890625,8.25
4.5625,0.498046875,9.5
4.25,0.49609375,9.25
4.3125,0.45703125,8.875
4.5625,0.375,8.3125
4.46875,0.453125,9.0
4.375,0.5703125,10.0625
4.21875,0.490234375,9.125
4.46875,0.484375,9.3125
4.59375,0.453125,9.125
4.34375,0.451171875,8.875
4.40625,0.41796875,8.625
4.6875,0.408203125,8.75
4.40625,0.48828125,9.25
4.34375,0.453125,8.875
4.65625,0.455078125,9.25
4.40625,0.453125,8.9375
4.4375,0.498046875,9.375
4.625,0.44921875,9.125
4.4375,0.53125,9.75
4.5625,0.453125,9.125
4.90625,0.5703125,10.625
4.4375,0.6015625,10.4375
4.65625,0.416015625,8.8125
4.0625,0.455078125,8.625
4.28125,0.490234375,9.1875
4.375,0.416015625,8.5
4.4375,0.57421875,10.1875
4.625,0.5625,10.25
4.53125,0.4921875,9.5
4.28125,0.45703125,8.875
4.28125,0.451171875,8.75
4.65625,0.419921875,8.875
4.5,0.455078125,9.0625
4.4375,0.451171875,8.9375
4.84375,0.5625,10.5
4.34375,0.4921875,9.25
4.375,0.49609375,9.375
4.75,0.416015625,8.875
4.5,0.53515625,9.875
4.5625,0.412109375,8.6875
4.40625,0.494140625,9.375
4.40625,0.453125,8.9375
4.59375,0.4140625,8.75
4.34375,0.4921875,9.25
4.4375,0.53125,9.75
4.4375,0.45703125,9.0
4.21875,0.412109375,8.375
4.375,0.443359375,8.8125
4.40625,0.44921875,8.875
4.59375,0.45703125,9.125
4.40625,0.5234375,9.625
4.25,0.609375,10.375
4.3125,0.416015625,8.5
4.53125,0.56640625,10.1875
4.6875,0.455078125,9.25
4.34375,0.52734375,9.625
4.4375,0.416015625,8.625
4.15625,0.53515625,9.5
4.375,0.56640625,10.0
4.59375,0.412109375,8.75
4.375,0.5625,10.0
4.65625,0.45703125,9.25
4.625,0.412109375,8.75
4.4375,0.486328125,9.3125
4.5,0.453125,9.0
4.125,0.49609375,9.125
4.625,0.453125,9.125
4.25,0.412109375,8.375
4.75,0.53125,10.0625
4.09375,0.53515625,9.4375
4.53125,0.412109375,8.625
4.25,0.60546875,10.3125
4.5,0.5,9.5
4.625,0.490234375,9.5
4.5,0.453125,9.0
4.625,0.4921875,9.5625
4.65625,0.51953125,9.875
4.4375,0.53125,9.75
4.78125,0.451171875,9.25
4.40625,0.375,8.125
4.3125,0.5703125,10.0
4.46875,0.4140625,8.625
4.34375,0.412109375,8.5
4.46875,0.56640625,10.125
4.46875,0.443359375,8.875
4.65625,0.408203125,8.75
4.25,0.52734375,9.5
4.34375,0.458984375,8.9375
4.4375,0.48828125,9.3125
4.5,0.486328125,9.375
4.78125,0.4921875,9.75
4.09375,0.60546875,10.125
4.78125,0.416015625,8.9375
4.5,0.52734375,9.75
4.40625,0.4921875,9.375
4.4375,0.37109375,8.125
4.5,0.49609375,9.5
4.625,0.408203125,8.75
4.5,0.53125,9.8125
4.34375,0.41015625,8.4375
4.78125,0.4921875,9.75
4.40625,0.455078125,9.0
4.84375,0.4140625,9.0
4.84375,0.373046875,8.5625
5.0625,0.49609375,10.0
4.375,0.44921875,8.875
4.4375,0.490234375,9.375
4.4375,0.53515625,9.75
3.984375,0.56640625,9.625
4.40625,0.4140625,8.5
4.375,0.52734375,9.625
4.53125,0.3671875,8.1875
4.625,0.484375,9.5
4.03125,0.4921875,9.0
4.46875,0.41015625,8.5625
4.40625,0.484375,9.25
4.25,0.4140625,8.375
4.375,0.447265625,8.875
4.3125,0.455078125,8.875
4.3125,0.49609375,9.25
4.375,0.408203125,8.5
4.34375,0.490234375,9.25
4.3125,0.416015625,8.5
4.28125,0.52734375,9.5625
4.40625,0.490234375,9.3125
4.8125,0.44921875,9.3125
4.5,0.53125,9.8125
4.375,0.408203125,8.5
4.65625,0.376953125,8.4375
4.34375,0.52734375,9.625
4.75,0.380859375,8.5625
4.34375,0.453125,8.875
4.875,0.486328125,9.75
4.375,0.52734375,9.625
4.6875,0.412109375,8.8125
4.53125,0.484375,9.375
4.625,0.3671875,8.3125
4.59375,0.37109375,8.3125
4.71875,0.4921875,9.625
4.28125,0.369140625,7.96875
4.65625,0.458984375,9.25
4.8125,0.453125,9.375
4.6875,0.56640625,10.375
4.53125,0.56640625,10.1875
4.3125,0.451171875,8.8125
4.75,0.408203125,8.875
4.4375,0.482421875,9.25
4.4375,0.494140625,9.375
4.5625,0.5234375,9.8125
4.40625,0.408203125,8.5
4.3125,0.412109375,8.4375
4.65625,0.451171875,9.125
4.53125,0.44921875,9.0
4.46875,0.53125,9.75
4.65625,0.408203125,8.75
4.59375,0.40625,8.625
4.53125,0.4453125,9.0
4.53125,0.44921875,9.0
4.875,0.48046875,9.6875
4.1875,0.451171875,8.6875
4.3125,0.41015625,8.375
3.875,0.48828125,8.75
4.1875,0.57421875,9.9375
4.3125,0.408203125,8.375
4.4375,0.486328125,9.3125
4.09375,0.4453125,8.5
4.59375,0.451171875,9.125
4.125,0.447265625,8.625
4.28125,0.60546875,10.375
4.15625,0.404296875,8.1875
4.65625,0.490234375,9.5625
4.65625,0.44921875,9.125
4.625,0.443359375,9.0625
4.0625,0.48046875,8.875
4.34375,0.53125,9.625
4.375,0.439453125,8.75
4.375,0.5234375,9.625
4.5625,0.412109375,8.6875
4.53125,0.44140625,8.9375
4.75,0.447265625,9.25
4.3125,0.52734375,9.625
4.25,0.4453125,8.6875
4.5,0.4140625,8.625
4.3125,0.40625,8.375
4.53125,0.484375,9.375
4.46875,0.412109375,8.625
4.65625,0.365234375,8.3125
4.5,0.4453125,8.9375
4.21875,0.52734375,9.5
4.5625,0.404296875,8.625
4.34375,0.56640625,10.0
4.625,0.52734375,9.875
4.4375,0.447265625,8.875
4.25,0.478515625,9.0
4.3125,0.490234375,9.25
4.65625,0.53125,10.0
4.25,0.48046875,9.0625
4.40625,0.44921875,8.875
4.625,0.60546875,10.6875
4.78125,0.478515625,9.5625
4.34375,0.52734375,9.625
4.3125,0.3984375,8.3125
4.4375,0.55859375,10.0
4.875,0.40625,8.9375
4.5,0.51953125,9.6875
4.875,0.3984375,8.875
4.53125,0.52734375,9.8125
4.25,0.484375,9.125
4.125,0.48828125,9.0
4.09375,0.44921875,8.625
4.5,0.486328125,9.375
4.5625,0.52734375,9.875
4.34375,0.443359375,8.75
4.34375,0.4453125,8.75
4.4375,0.48828125,9.3125
4.4375,0.44921875,8.9375
4.4375,0.39453125,8.375
4.71875,0.400390625,8.75
4.375,0.404296875,8.375
4.59375,0.447265625,9.0625
4.4375,0.5234375,9.6875
4.625,0.443359375,9.0625
4.46875,0.5703125,10.125
4.25,0.40625,8.3125
4.65625,0.48828125,9.5
4.40625,0.40234375,8.4375
4.5,0.4453125,8.9375
4.28125,0.4765625,9.0
4.5,0.4453125,8.9375
4.59375,0.4453125,9.0
4.59375,0.447265625,9.0625
4.90625,0.48046875,9.75
4.71875,0.484375,9.5625
4.5,0.53125,9.8125
4.40625,0.443359375,8.875
4.375,0.482421875,9.1875
4.21875,0.4453125,8.625
4.28125,0.4453125,8.75
4.21875,0.439453125,8.625
4.25,0.443359375,8.6875
4.3125,0.48828125,9.1875
4.375,0.4453125,8.8125
4.1875,0.6015625,10.1875
4.4375,0.40234375,8.5
4.53125,0.3984375,8.5
4.21875,0.48046875,9.0
4.4375,0.4921875,9.375
4.53125,0.44140625,8.9375
4.46875,0.369140625,8.125
4.28125,0.53125,9.625
4.25,0.408203125,8.375
4.25,0.48828125,9.125
4.78125,0.4453125,9.25
4.25,0.486328125,9.125
4.03125,0.443359375,8.5
4.65625,0.5234375,9.875
4.375,0.69140625,11.25
4.1875,0.361328125,7.8125
4.0,0.482421875,8.8125
4.34375,0.400390625,8.375
4.5,0.5234375,9.75
4.5,0.359375,8.125
4.5,0.4375,8.875
4.5,0.494140625,9.4375
4.40625,0.486328125,9.25
4.40625,0.64453125,10.875
4.53125,0.40234375,8.5625
4.5,0.40234375,8.5
4.46875,0.478515625,9.25
4.625,0.44140625,9.0
4.40625,0.48828125,9.25
4.46875,0.5703125,10.125
4.46875,0.396484375,8.4375
4.28125,0.48828125,9.125
4.28125,0.359375,7.875
4.84375,0.3984375,8.8125
4.65625,0.44140625,9.0625
4.1875,0.61328125,10.3125
4.53125,0.4453125,9.0
4.625,0.5234375,9.875
4.3125,0.40625,8.375
4.09375,0.40234375,8.125
4.625,0.447265625,9.125
4.4375,0.443359375,8.875
4.46875,0.404296875,8.5
4.3125,0.490234375,9.25
4.40625,0.53125,9.75
4.71875,0.40234375,8.75
4.1875,0.439453125,8.625
4.5,0.5625,10.125
4.4375,0.4375,8.8125
4.5,0.361328125,8.125
4.09375,0.51953125,9.25
4.3125,0.3984375,8.3125
4.40625,0.365234375,8.0625
4.3125,0.51953125,9.5
4.0,0.48828125,8.875
4.40625,0.392578125,8.3125
4.34375,0.53125,9.625
4.40625,0.52734375,9.6875
4.625,0.484375,9.5
4.40625,0.40234375,8.4375
4.5,0.400390625,8.5
4.21875,0.4453125,8.625
4.46875,0.5625,10.125
4.40625,0.40234375,8.4375
4.28125,0.51953125,9.5
4.28125,0.640625,10.6875
4.71875,0.3984375,8.6875
4.3125,0.40234375,8.375
4.4375,0.439453125,8.875
4.25,0.4375,8.625
4.25,0.482421875,9.0625
4.28125,0.3984375,8.25
4.6875,0.408203125,8.75
4.4375,0.515625,9.625
4.28125,0.3984375,8.25
4.375,0.447265625,8.875
4.1875,0.4765625,8.9375
4.15625,0.40625,8.25
4.1875,0.48046875,9.0
4.4375,0.486328125,9.3125
4.40625,0.478515625,9.1875
4.28125,0.5234375,9.5
4.40625,0.56640625,10.0625
4.4375,0.35546875,8.0
4.375,0.474609375,9.125
4.5,0.36328125,8.125
4.0625,0.5234375,9.3125
4.375,0.4375,8.75
4.40625,0.3984375,8.375
4.28125,0.482421875,9.125
4.0625,0.44140625,8.5
4.375,0.486328125,9.25
4.46875,0.4375,8.875
4.75,0.36328125,8.375
4.21875,0.400390625,8.25
4.15625,0.52734375,9.4375
4.15625,0.443359375,8.625
4.34375,0.51953125,9.5
4.34375,0.400390625,8.375
4.46875,0.56640625,10.125
4.15625,0.48828125,9.0
4.6875,0.4453125,9.125
4.4375,0.3984375,8.4375
4.3125,0.5625,9.9375
4.5,0.400390625,8.5
4.15625,0.51953125,9.375
4.0,0.5703125,9.6875
4.25,0.4375,8.625
4.53125,0.443359375,9.0
4.3125,0.4453125,8.75
4.125,0.44140625,8.5
4.40625,0.443359375,8.875
4.53125,0.359375,8.125
4.375,0.51953125,9.5625
4.34375,0.43359375,8.6875
4.4375,0.400390625,8.4375
4.46875,0.51953125,9.625
4.28125,0.5234375,9.5
4.1875,0.4453125,8.625
4.25,0.3984375,8.25
4.21875,0.52734375,9.5
4.4375,0.39453125,8.375
4.3125,0.3984375,8.3125
4.28125,0.474609375,9.0
4.3125,0.47265625,9.0
4.46875,0.400390625,8.5
4.40625,0.482421875,9.25
4.71875,0.435546875,9.0625
4.625,0.482421875,9.4375
4.65625,0.3984375,8.625
4.46875,0.439453125,8.875
3.921875,0.5703125,9.625
4.46875,0.48046875,9.25
4.21875,0.478515625,9.0
4.40625,0.40234375,8.4375
4.1875,0.44140625,8.625
4.34375,0.52734375,9.625
4.53125,0.439453125,8.9375
4.75,0.5703125,10.4375
4.6875,0.478515625,9.5
4.46875,0.3515625,8.0
4.21875,0.439453125,8.625
4.46875,0.39453125,8.375
4.28125,0.51953125,9.5
4.71875,0.3984375,8.6875
4.625,0.439453125,9.0
3.96875,0.52734375,9.25
4.25,0.5234375,9.5
4.40625,0.5625,10.0
4.21875,0.3984375,8.1875
4.21875,0.48046875,9.0
4.40625,0.515625,9.5625
4.59375,0.515625,9.75
4.40625,0.435546875,8.75
4.5,0.396484375,8.5
4.34375,0.478515625,9.125
4.5,0.400390625,8.5
4.53125,0.44140625,8.9375
4.75,0.439453125,9.125
4.375,0.439453125,8.75
4.0,0.65234375,10.5
4.21875,0.44140625,8.625
4.21875,0.5234375,9.5
4.65625,0.359375,8.25
4.21875,0.484375,9.0625
4.25,0.435546875,8.625
4.125,0.57421875,9.875
4.5,0.43359375,8.875
4.59375,0.52734375,9.875
4.71875,0.5234375,10.0
4.21875,0.4296875,8.5
4.5,0.43359375,8.875
4.46875,0.392578125,8.375
4.125,0.435546875,8.5
4.59375,0.39453125,8.5
4.03125,0.353515625,7.5625
4.3125,0.5703125,10.0
4.375,0.43359375,8.75
4.625,0.390625,8.5
4.15625,0.5234375,9.375
4.25,0.478515625,9.0
4.625,0.52734375,9.875
4.1875,0.392578125,8.125
4.28125,0.38671875,8.125
4.25,0.5234375,9.5
4.21875,0.51953125,9.375
4.15625,0.48046875,9.0
4.125,0.4375,8.5
4.46875,0.48046875,9.25
4.59375,0.43359375,8.9375
4.28125,0.4375,8.625
4.28125,0.39453125,8.25
4.5625,0.478515625,9.375
4.5625,0.44140625,9.0
4.4375,0.5234375,9.6875
4.3125,0.5234375,9.5625
4.375,0.6484375,10.875
4.15625,0.3515625,7.6875
4.4375,0.390625,8.375
4.53125,0.4921875,9.5
4.34375,0.431640625,8.625
4.375,0.435546875,8.75
4.4375,0.48046875,9.25
4.34375,0.4375,8.75
4.25,0.48046875,9.0625
4.1875,0.5234375,9.4375
4.5625,0.390625,8.5
4.0,0.439453125,8.375
4.28125,0.439453125,8.6875
4.21875,0.43359375,8.5625
4.3125,0.478515625,9.125
4.1875,0.43359375,8.5
4.5625,0.470703125,9.25
4.4375,0.43359375,8.75
4.5625,0.56640625,10.25
4.4375,0.390625,8.375
4.46875,0.52734375,9.75
4.375,0.396484375,8.375
4.34375,0.345703125,7.8125
4.21875,0.353515625,7.75
4.71875,0.43359375,9.0625
4.40625,0.435546875,8.75
4.78125,0.4765625,9.5
4.46875,0.4296875,8.75
3.984375,0.48046875,8.8125
4.34375,0.34765625,7.8125
4.28125,0.52734375,9.5625
4.0,0.474609375,8.75
4.34375,0.388671875,8.25
4.09375,0.51953125,9.25
4.5,0.400390625,8.5
4.1875,0.427734375,8.5
4.25,0.43359375,8.625
4.4375,0.396484375,8.375
4.28125,0.51171875,9.375
4.03125,0.56640625,9.6875
4.15625,0.56640625,9.8125
4.4375,0.48046875,9.25
3.9375,0.5234375,9.1875
4.09375,0.60546875,10.125
4.46875,0.56640625,10.125
4.53125,0.4375,8.875
4.375,0.390625,8.25
4.53125,0.43359375,8.875
4.5625,0.390625,8.5
4.96875,0.435546875,9.3125
4.15625,0.4375,8.5
4.5,0.439453125,8.875
4.5625,0.51953125,9.75
4.1875,0.60546875,10.25
4.5,0.4765625,9.25
4.3125,0.52734375,9.625
4.15625,0.390625,8.0625
4.46875,0.435546875,8.8125
4.5625,0.439453125,9.0
4.125,0.478515625,8.875
4.40625,0.38671875,8.25
4.3125,0.5234375,9.5625
4.75,0.435546875,9.125
4.5,0.4765625,9.25
4.4375,0.43359375,8.75
4.40625,0.478515625,9.1875
4.375,0.48046875,9.1875
4.375,0.47265625,9.125
4.3125,0.3515625,7.8125
4.25,0.396484375,8.25
4.28125,0.4765625,9.0
4.6875,0.51953125,9.875
4.375,0.4765625,9.125
4.21875,0.5625,9.875
4.25,0.5625,9.875
4.34375,0.43359375,8.6875
4.375,0.43359375,8.75
4.21875,0.345703125,7.6875
4.28125,0.4375,8.625
4.125,0.56640625,9.75
4.21875,0.431640625,8.5
4.375,0.435546875,8.75
4.4375,0.4375,8.8125
4.21875,0.427734375,8.5
4.375,0.431640625,8.6875
4.375,0.388671875,8.25
4.21875,0.435546875,8.5625
4.1875,0.388671875,8.0625
4.375,0.61328125,10.5
4.21875,0.5625,9.875
4.25,0.48046875,9.0625
4.28125,0.48046875,9.125
4.21875,0.390625,8.125
4.5,0.48046875,9.3125
4.21875,0.390625,8.125
4.3125,0.34765625,7.78125
4.4375,0.474609375,9.1875
4.15625,0.392578125,8.0625
4.4375,0.427734375,8.75
4.625,0.39453125,8.5625
4.53125,0.4375,8.875
4.09375,0.431640625,8.375
4.28125,0.431640625,8.625
4.0625,0.427734375,8.375
4.34375,0.43359375,8.6875
4.53125,0.43359375,8.875
4.21875,0.384765625,8.0625
4.5,0.341796875,7.9375
4.34375,0.474609375,9.125
4.625,0.52734375,9.875
4.34375,0.435546875,8.6875
4.25,0.515625,9.375
4.25,0.478515625,9.0
4.21875,0.4375,8.625
4.375,0.345703125,7.8125
4.15625,0.47265625,8.875
4.40625,0.380859375,8.25
4.4375,0.51953125,9.625
4.28125,0.474609375,9.0
4.25,0.423828125,8.5
3.859375,0.478515625,8.625
4.53125,0.388671875,8.4375
4.125,0.4296875,8.4375
4.34375,0.52734375,9.625
4.40625,0.384765625,8.25
4.53125,0.478515625,9.3125
3.9375,0.43359375,8.25
4.375,0.4296875,8.6875
4.625,0.51171875,9.75
4.28125,0.4765625,9.0
4.6875,0.5703125,10.375
4.4375,0.470703125,9.125
4.59375,0.51953125,9.75
4.15625,0.388671875,8.0625
4.34375,0.4296875,8.625
4.40625,0.51171875,9.5
4.28125,0.38671875,8.125
4.53125,0.4375,8.875
4.5625,0.345703125,8.0
4.25,0.474609375,9.0
4.21875,0.4765625,9.0
4.03125,0.43359375,8.375
4.15625,0.43359375,8.5
4.46875,0.51953125,9.625
4.375,0.4765625,9.125
4.59375,0.3828125,8.4375
4.84375,0.51171875,10.0
4.25,0.470703125,9.0
4.59375,0.390625,8.5
4.21875,0.39453125,8.125
4.25,0.52734375,9.5
3.953125,0.43359375,8.3125
4.3125,0.427734375,8.625
4.34375,0.4296875,8.625
4.625,0.4765625,9.375
4.375,0.48046875,9.1875
4.125,0.60546875,10.1875
4.3125,0.38671875,8.1875
4.375,0.470703125,9.125
4.28125,0.47265625,9.0
4.4375,0.43359375,8.75
4.5625,0.388671875,8.4375
4.15625,0.52734375,9.4375
4.4375,0.47265625,9.125
4.53125,0.4296875,8.875
4.34375,0.42578125,8.625
4.15625,0.5625,9.75
4.28125,0.34375,7.71875
4.21875,0.51953125,9.375
4.625,0.38671875,8.5
4.25,0.439453125,8.625
4.25,0.388671875,8.125
4.5,0.55859375,10.125
4.25,0.431640625,8.5625
4.46875,0.423828125,8.75
4.0625,0.427734375,8.375
4.15625,0.38671875,8.0
4.34375,0.38671875,8.25
4.3125,0.388671875,8.1875
4.625,0.52734375,9.875
4.34375,0.435546875,8.6875
4.28125,0.5546875,9.875
3.71875,0.478515625,8.5
4.625,0.390625,8.5
4.125,0.47265625,8.875
4.53125,0.380859375,8.375
4.625,0.474609375,9.375
4.40625,0.34375,7.84375
4.25,0.4765625,9.0
4.375,0.431640625,8.6875
4.25,0.38671875,8.125
4.3125,0.384765625,8.125
4.375,0.4765625,9.125
4.53125,0.427734375,8.8125
4.71875,0.431640625,9.0
4.21875,0.34765625,7.6875
4.46875,0.56640625,10.125
3.859375,0.384765625,7.6875
4.3125,0.5703125,10.0
4.65625,0.431640625,9.0
4.53125,0.34375,7.96875
4.3125,0.4296875,8.625
4.125,0.5234375,9.375
4.3125,0.47265625,9.0
4.34375,0.51953125,9.5
4.15625,0.33984375,7.5625
4.1875,0.42578125,8.4375
4.4375,0.46875,9.125
4.1875,0.384765625,8.0
4.0,0.4296875,8.3125
4.6875,0.47265625,9.375
4.1875,0.51953125,9.375
4.5,0.51171875,9.625
4.15625,0.3359375,7.5
4.40625,0.388671875,8.3125
4.28125,0.384765625,8.125
4.375,0.421875,8.625
4.46875,0.423828125,8.75
4.40625,0.474609375,9.125
4.25,0.46875,8.9375
4.3125,0.431640625,8.625
4.0625,0.482421875,8.875
4.21875,0.380859375,8.0
4.09375,0.5625,9.75
4.34375,0.515625,9.5
4.25,0.470703125,9.0
4.09375,0.478515625,8.875
4.375,0.42578125,8.625
4.0625,0.337890625,7.4375
4.28125,0.51953125,9.5
4.4375,0.38671875,8.3125
4.09375,0.33984375,7.5
4.34375,0.431640625,8.625
4.34375,0.419921875,8.5
4.59375,0.470703125,9.3125
4.53125,0.42578125,8.75
3.9375,0.4765625,8.6875
4.40625,0.419921875,8.625
4.6875,0.51171875,9.8125
4.375,0.37890625,8.125
3.984375,0.470703125,8.6875
3.859375,0.4296875,8.1875
3.953125,0.470703125,8.6875
4.34375,0.380859375,8.125
4.15625,0.421875,8.375
4.0625,0.376953125,7.8125
4.15625,0.51953125,9.375
4.1875,0.4296875,8.5
4.0625,0.37890625,7.84375
4.1875,0.5234375,9.4375
4.125,0.326171875,7.375
4.6875,0.42578125,8.9375
4.25,0.47265625,9.0
4.5,0.47265625,9.25
4.375,0.38671875,8.25
4.34375,0.380859375,8.125
4.15625,0.51953125,9.375
4.0625,0.47265625,8.75
4.40625,0.474609375,9.125
4.28125,0.515625,9.4375
4.59375,0.384765625,8.4375
4.1875,0.466796875,8.875
3.84375,0.515625,9.0
4.78125,0.380859375,8.625
4.1875,0.4375,8.5625
4.15625,0.51953125,9.375
4.40625,0.470703125,9.125
4.5,0.46875,9.1875
4.40625,0.333984375,7.75
4.03125,0.431640625,8.375
4.40625,0.37890625,8.1875
4.03125,0.37890625,7.8125
4.375,0.47265625,9.125
4.15625,0.3828125,8.0
3.984375,0.423828125,8.25
4.5625,0.4296875,8.875
3.984375,0.5703125,9.6875
4.1875,0.33203125,7.5
4.28125,0.466796875,8.9375
4.0625,0.470703125,8.75
4.21875,0.375,7.96875
4.40625,0.37890625,8.1875
4.0625,0.5234375,9.3125
4.28125,0.37890625,8.0625
4.21875,0.375,7.96875
4.34375,0.3828125,8.1875
4.5625,0.376953125,8.3125
4.21875,0.42578125,8.5
4.78125,0.470703125,9.5
4.4375,0.51953125,9.625
4.3125,0.33203125,7.625
4.375,0.4609375,9.0
4.1875,0.46875,8.875
4.28125,0.376953125,8.0625
4.4375,0.384765625,8.25
4.65625,0.37890625,8.4375
4.53125,0.421875,8.75
3.796875,0.5625,9.4375
4.4375,0.421875,8.625
4.84375,0.46875,9.5
4.1875,0.5625,9.8125
4.6875,0.51953125,9.875
4.3125,0.5625,9.9375
4.25,0.5625,9.875
4.34375,0.5625,10.0
4.25,0.462890625,8.875
4.6875,0.423828125,8.9375
4.125,0.515625,9.25
4.53125,0.419921875,8.75
4.46875,0.330078125,7.75
4.4375,0.4296875,8.75
4.375,0.423828125,8.625
4.21875,0.42578125,8.5
4.3125,0.37890625,8.125
4.5,0.328125,7.78125
3.984375,0.375,7.75
4.3125,0.51171875,9.4375
4.25,0.474609375,9.0
4.21875,0.42578125,8.5
4.25,0.515625,9.375
4.5625,0.47265625,9.25
4.46875,0.37890625,8.25
4.1875,0.5546875,9.75
4.28125,0.4296875,8.625
4.40625,0.333984375,7.75
4.0625,0.3828125,7.875
4.46875,0.373046875,8.1875
4.09375,0.33203125,7.40625
4.28125,0.515625,9.4375
4.0625,0.431640625,8.375
4.34375,0.46875,9.0
4.3125,0.515625,9.5
4.4375,0.421875,8.625
4.5,0.376953125,8.25
4.65625,0.4296875,9.0
4.53125,0.328125,7.8125
4.3125,0.6484375,10.8125
4.5,0.328125,7.78125
4.09375,0.416015625,8.25
4.09375,0.42578125,8.375
4.25,0.375,8.0
4.40625,0.423828125,8.625
4.40625,0.51171875,9.5
4.3125,0.55859375,9.875
4.40625,0.419921875,8.625
4.25,0.423828125,8.5
4.3125,0.46875,9.0
4.125,0.373046875,7.875
4.5,0.41796875,8.6875
4.5625,0.470703125,9.25
4.03125,0.330078125,7.3125
4.15625,0.4765625,8.875
4.21875,0.515625,9.375
4.3125,0.328125,7.59375
4.53125,0.51171875,9.625
3.953125,0.375,7.6875
3.890625,0.55859375,9.5
4.59375,0.65234375,11.125
4.1875,0.419921875,8.375
4.375,0.42578125,8.625
4.375,0.51171875,9.5
4.375,0.51953125,9.5625
4.15625,0.470703125,8.875
4.15625,0.515625,9.3125
4.21875,0.46484375,8.875
4.4375,0.470703125,9.125
4.59375,0.376953125,8.375
4.59375,0.515625,9.75
4.375,0.421875,8.625
4.34375,0.65625,10.875
4.25,0.423828125,8.5
4.21875,0.55859375,9.8125
4.375,0.51171875,9.5
4.5,0.470703125,9.25
4.4375,0.46484375,9.125
4.125,0.4140625,8.25
4.28125,0.328125,7.5625
4.25,0.421875,8.5
3.953125,0.373046875,7.6875
4.21875,0.37890625,8.0
4.21875,0.330078125,7.5
4.15625,0.419921875,8.375
4.0625,0.369140625,7.75
4.46875,0.421875,8.6875
4.3125,0.51171875,9.4375
4.4375,0.376953125,8.1875
4.40625,0.46484375,9.0625
4.28125,0.333984375,7.625
4.375,0.3671875,8.0625
4.34375,0.46484375,9.0
4.40625,0.42578125,8.625
4.0,0.470703125,8.75
4.3125,0.462890625,8.9375
4.375,0.4765625,9.125
4.28125,0.55859375,9.875
4.34375,0.470703125,9.0625
4.0625,0.515625,9.25
4.21875,0.421875,8.4375
4.25,0.51171875,9.375
4.5625,0.42578125,8.8125
4.25,0.376953125,8.0
4.40625,0.328125,7.6875
4.21875,0.373046875,7.9375
4.21875,0.37890625,8.0
4.90625,0.5625,10.5
4.15625,0.6171875,10.375
4.5,0.419921875,8.6875
4.40625,0.373046875,8.125
3.953125,0.515625,9.125
4.71875,0.328125,8.0
4.0625,0.421875,8.25
4.375,0.375,8.125
4.1875,0.328125,7.46875
4.5,0.46875,9.1875
4.40625,0.328125,7.6875
4.34375,0.466796875,9.0
4.28125,0.4140625,8.375
4.09375,0.466796875,8.75
4.15625,0.46875,8.875
4.4375,0.37109375,8.125
4.09375,0.515625,9.25
4.25,0.32421875,7.5
4.15625,0.41796875,8.375
4.65625,0.51171875,9.75
4.28125,0.376953125,8.0625
4.125,0.42578125,8.375
4.21875,0.416015625,8.375
4.25,0.373046875,8.0
3.953125,0.375,7.6875
4.03125,0.330078125,7.3125
4.4375,0.515625,9.625
4.40625,0.423828125,8.625
4.3125,0.326171875,7.5625
4.21875,0.466796875,8.875
4.46875,0.419921875,8.625
4.09375,0.51171875,9.25
4.28125,0.46875,9.0
4.40625,0.462890625,9.0
4.40625,0.515625,9.5625
4.375,0.421875,8.625
4.40625,0.41796875,8.625
4.3125,0.515625,9.5
4.5,0.46484375,9.125
4.4375,0.419921875,8.625
4.40625,0.46484375,9.0625
4.28125,0.55859375,9.875
3.8125,0.46875,8.5
4.40625,0.55859375,10.0
4.0625,0.419921875,8.25
4.03125,0.326171875,7.3125
4.09375,0.37109375,7.8125
4.40625,0.462890625,9.0
3.984375,0.373046875,7.71875
4.3125,0.32421875,7.5625
4.4375,0.373046875,8.1875
4.4375,0.466796875,9.125
4.21875,0.462890625,8.875
3.90625,0.466796875,8.5625
3.984375,0.421875,8.1875
4.40625,0.373046875,8.125
4.03125,0.32421875,7.28125
4.15625,0.37109375,7.875
4.375,0.369140625,8.0625
4.34375,0.41796875,8.5
4.1875,0.46484375,8.875
4.65625,0.51171875,9.75
3.96875,0.5078125,9.0
4.53125,0.41796875,8.75
4.21875,0.56640625,9.875
4.4375,0.419921875,8.625
4.34375,0.375,8.125
4.28125,0.46484375,8.9375
4.15625,0.66015625,10.75
4.0,0.5625,9.625
4.375,0.32421875,7.625
4.5,0.50390625,9.5
4.0625,0.5078125,9.125
4.6875,0.369140625,8.375
4.28125,0.32421875,7.53125
4.09375,0.609375,10.1875
4.3125,0.41796875,8.5
4.40625,0.466796875,9.0625
4.09375,0.46875,8.75
4.28125,0.419921875,8.5
4.34375,0.416015625,8.5
4.125,0.42578125,8.375
4.375,0.515625,9.5
4.34375,0.3671875,8.0
4.1875,0.421875,8.375
4.1875,0.421875,8.375
4.09375,0.322265625,7.3125
4.4375,0.51171875,9.5625
4.1875,0.5078125,9.25
4.78125,0.37109375,8.5
4.09375,0.322265625,7.3125
4.21875,0.3203125,7.4375
4.21875,0.421875,8.4375
4.1875,0.37109375,7.90625
3.9375,0.3671875,7.625
4.09375,0.3671875,7.75
4.21875,0.50390625,9.25
4.4375,0.470703125,9.125
4.3125,0.41796875,8.5
4.28125,0.55859375,9.875
4.21875,0.4140625,8.375
4.125,0.318359375,7.3125
4.1875,0.3671875,7.875
4.03125,0.5546875,9.625
4.03125,0.365234375,7.6875
4.28125,0.5625,9.875
4.34375,0.408203125,8.4375
4.34375,0.46875,9.0
4.0,0.56640625,9.625
4.0625,0.46875,8.75
4.34375,0.369140625,8.0
3.921875,0.416015625,8.0625
4.6875,0.51171875,9.8125
4.25,0.416015625,8.375
4.4375,0.423828125,8.6875
4.21875,0.4140625,8.375
4.125,0.458984375,8.75
4.3125,0.4140625,8.4375
4.34375,0.365234375,8.0
4.28125,0.31640625,7.4375
4.34375,0.4140625,8.5
4.375,0.4609375,9.0
4.34375,0.419921875,8.5
4.25,0.369140625,7.9375
4.125,0.51171875,9.25
4.1875,0.5546875,9.75
4.40625,0.369140625,8.125
4.21875,0.412109375,8.375
4.375,0.41796875,8.5625
4.21875,0.4609375,8.875
4.28125,0.373046875,8.0
4.15625,0.3203125,7.375
4.4375,0.416015625,8.625
4.59375,0.31640625,7.75
4.4375,0.466796875,9.125
4.125,0.416015625,8.25
4.0,0.466796875,8.625
4.4375,0.31640625,7.59375
4.0625,0.365234375,7.71875
4.125,0.466796875,8.75
4.4375,0.55859375,10.0
4.28125,0.318359375,7.46875
4.53125,0.515625,9.6875
4.03125,0.416015625,8.1875
4.21875,0.369140625,7.90625
4.15625,0.4609375,8.75
3.828125,0.361328125,7.4375
3.921875,0.515625,9.0625
4.09375,0.419921875,8.25
4.40625,0.36328125,8.0
4.40625,0.4140625,8.5
4.25,0.419921875,8.4375
4.375,0.458984375,9.0
4.1875,0.41015625,8.25
4.125,0.5625,9.75
4.15625,0.3203125,7.375
3.90625,0.416015625,8.0625
4.21875,0.41796875,8.375
4.21875,0.416015625,8.375
4.375,0.515625,9.5
4.46875,0.361328125,8.0625
4.34375,0.458984375,8.9375
4.375,0.4140625,8.5
4.34375,0.45703125,8.875
4.34375,0.318359375,7.53125
3.890625,0.470703125,8.625
4.0625,0.41796875,8.25
4.375,0.45703125,8.9375
4.5,0.408203125,8.625
4.25,0.365234375,7.90625
4.25,0.365234375,7.90625
4.15625,0.40625,8.25
4.09375,0.41015625,8.1875
4.375,0.369140625,8.0625
4.125,0.451171875,8.625
4.0625,0.5078125,9.125
4.21875,0.50390625,9.25
4.40625,0.55859375,10.0
4.4375,0.462890625,9.0625
4.34375,0.359375,7.9375
4.46875,0.41015625,8.5625
4.21875,0.36328125,7.84375
4.46875,0.365234375,8.125
4.375,0.458984375,9.0
4.34375,0.36328125,7.96875
4.75,0.310546875,7.875
4.28125,0.41015625,8.375
3.8125,0.55859375,9.375
3.9375,0.45703125,8.5
3.921875,0.458984375,8.5
3.890625,0.36328125,7.5
4.25,0.515625,9.375
4.0,0.314453125,7.125
3.921875,0.3671875,7.59375
4.375,0.41015625,8.5
4.3125,0.408203125,8.375
4.21875,0.408203125,8.3125
4.34375,0.41015625,8.4375
4.15625,0.5078125,9.25
3.796875,0.4609375,8.4375
4.0625,0.41015625,8.125
4.25,0.314453125,7.375
4.1875,0.46484375,8.875
4.375,0.41015625,8.5
4.53125,0.4609375,9.125
4.125,0.5625,9.75
4.1875,0.35546875,7.75
4.09375,0.51171875,9.25
4.40625,0.41015625,8.5
4.15625,0.365234375,7.8125
4.25,0.421875,8.5
4.34375,0.462890625,9.0
4.6875,0.46484375,9.375
4.28125,0.45703125,8.875
4.09375,0.515625,9.25
4.4375,0.4609375,9.0625
4.28125,0.5234375,9.5
4.375,0.36328125,8.0
4.15625,0.36328125,7.78125
4.03125,0.40234375,8.0625
4.09375,0.359375,7.6875
4.21875,0.36328125,7.84375
3.921875,0.412109375,8.0625
4.3125,0.453125,8.875
4.0625,0.359375,7.65625
3.9375,0.361328125,7.5625
4.25,0.36328125,7.875
4.09375,0.357421875,7.6875
4.21875,0.41015625,8.3125
4.28125,0.455078125,8.875
4.125,0.314453125,7.25
4.1875,0.314453125,7.3125
3.6875,0.3671875,7.375
4.21875,0.310546875,7.3125
4.46875,0.51171875,9.625
4.15625,0.455078125,8.75
3.953125,0.306640625,7.0
4.15625,0.359375,7.75
3.890625,0.50390625,8.9375
4.0625,0.5078125,9.125
4.09375,0.41015625,8.1875
4.1875,0.353515625,7.71875
4.15625,0.458984375,8.75
4.1875,0.45703125,8.75
4.3125,0.408203125,8.375
4.46875,0.3046875,7.5
4.21875,0.357421875,7.8125
4.65625,0.35546875,8.25
4.1875,0.455078125,8.75
4.46875,0.40234375,8.5
4.03125,0.359375,7.625
4.21875,0.41015625,8.3125
3.828125,0.5078125,8.875
4.15625,0.51171875,9.25
4.15625,0.359375,7.75
4.15625,0.5078125,9.25
4.40625,0.51171875,9.5
4.3125,0.6015625,10.3125
4.0,0.453125,8.5
4.46875,0.41015625,8.5625
4.5,0.3046875,7.5625
4.09375,0.416015625,8.25
4.21875,0.40625,8.25
4.46875,0.462890625,9.125
4.125,0.3046875,7.1875
4.34375,0.51171875,9.5
3.734375,0.65625,10.3125
4.25,0.5625,9.875
4.3125,0.35546875,7.875
4.09375,0.5625,9.75
4.25,0.458984375,8.875
4.15625,0.3984375,8.125
4.5,0.44921875,9.0
4.03125,0.5078125,9.125
4.4375,0.353515625,7.96875
4.34375,0.40234375,8.375
4.375,0.306640625,7.4375
4.0625,0.357421875,7.625
4.1875,0.3046875,7.25
4.125,0.51171875,9.25
4.28125,0.3046875,7.3125
4.4375,0.45703125,9.0
4.125,0.40625,8.1875
3.890625,0.412109375,8.0
3.875,0.451171875,8.375
4.1875,0.41015625,8.25
4.0625,0.453125,8.625
4.15625,0.302734375,7.1875
4.375,0.455078125,8.9375
4.125,0.453125,8.625
4.375,0.3046875,7.4375
4.25,0.55078125,9.75
4.40625,0.45703125,9.0
4.0625,0.5625,9.6875
3.953125,0.609375,10.0625
