gemma_loss,fc_loss
29.23352813720703,0.002410888671875
28.735586166381836,8.625
28.312490463256836,2.234375
28.886669158935547,0.3046875
27.533645629882812,0.00110626220703125
29.265460968017578,0.140625
28.191740036010742,0.3046875
28.544479370117188,0.330078125
29.04121971130371,0.3046875
28.81138038635254,0.259765625
27.31576919555664,0.208984375
27.73255729675293,0.1640625
29.186349868774414,0.12451171875
28.112667083740234,0.08984375
28.077190399169922,0.0634765625
28.052730560302734,0.041748046875
28.187650680541992,0.026123046875
28.078142166137695,0.01708984375
28.094804763793945,0.00970458984375
28.975419998168945,0.00531005859375
27.678451538085938,0.002655029296875
28.49054718017578,0.001190185546875
28.49256706237793,0.0002956390380859375
27.677183151245117,4.112720489501953e-06
29.40337371826172,0.00011920928955078125
28.298269271850586,0.00046539306640625
28.294340133666992,0.00074005126953125
27.86374855041504,0.00109100341796875
28.6600341796875,0.00122833251953125
28.206634521484375,0.0015411376953125
29.063838958740234,0.0017547607421875
28.868093490600586,0.0018768310546875
28.54065704345703,0.0021514892578125
27.929407119750977,0.00213623046875
26.831214904785156,0.0022430419921875
28.26272201538086,0.0021820068359375
28.228334426879883,0.00225830078125
28.1818790435791,0.0022125244140625
28.848230361938477,0.002166748046875
28.55364418029785,0.002197265625
28.0541934967041,0.0021209716796875
29.36506462097168,0.0020599365234375
28.2227783203125,0.002105712890625
29.172481536865234,0.0020294189453125
28.140579223632812,0.0020294189453125
28.24078941345215,0.0020294189453125
28.321014404296875,0.0019073486328125
28.87038803100586,0.0019073486328125
28.551097869873047,0.00177764892578125
28.116100311279297,0.00177001953125
28.890283584594727,0.00171661376953125
29.403961181640625,0.00160980224609375
28.60732650756836,0.0015869140625
28.510366439819336,0.00145721435546875
28.885236740112305,0.00138092041015625
28.925004959106445,0.00136566162109375
28.346942901611328,0.00119781494140625
28.67567253112793,0.001190185546875
28.64842987060547,0.001129150390625
28.454748153686523,0.00107574462890625
28.538793563842773,0.00103759765625
27.528688430786133,0.00106048583984375
28.36299705505371,0.000972747802734375
27.64674949645996,0.00086212158203125
28.035295486450195,0.000865936279296875
29.070850372314453,0.000797271728515625
27.30308723449707,0.000743865966796875
28.962482452392578,0.00067138671875
28.066890716552734,0.000629425048828125
29.084293365478516,0.00060272216796875
28.69489288330078,0.00054168701171875
28.285715103149414,0.0004825592041015625
28.79749870300293,0.00042724609375
28.641895294189453,0.0003757476806640625
28.580053329467773,0.0003719329833984375
28.168079376220703,0.000324249267578125
27.709470748901367,0.0003376007080078125
28.284212112426758,0.0002956390380859375
28.695175170898438,0.000278472900390625
28.11956024169922,0.00028228759765625
28.763185501098633,0.000255584716796875
28.72946548461914,0.0002689361572265625
29.072200775146484,0.00022220611572265625
28.49637794494629,0.000194549560546875
28.490432739257812,0.00018978118896484375
28.028690338134766,0.00017452239990234375
28.060007095336914,0.00018024444580078125
27.781414031982422,0.00015926361083984375
27.962093353271484,0.0001430511474609375
28.091405868530273,0.00014209747314453125
29.025619506835938,0.00014400482177734375
28.354652404785156,0.00010776519775390625
28.62737274169922,0.00013256072998046875
27.729501724243164,0.00012874603271484375
28.98798370361328,0.00010156631469726562
28.663888931274414,0.00011205673217773438
28.35134506225586,0.00010251998901367188
28.756771087646484,0.0001087188720703125
27.91301727294922,8.535385131835938e-05
28.860883712768555,8.678436279296875e-05
28.551023483276367,7.200241088867188e-05
28.990358352661133,0.00010585784912109375
28.251556396484375,7.05718994140625e-05
28.622631072998047,8.58306884765625e-05
28.34665870666504,5.1975250244140625e-05
28.321556091308594,7.104873657226562e-05
28.24514389038086,5.91278076171875e-05
28.731273651123047,6.389617919921875e-05
27.737140655517578,5.435943603515625e-05
27.942031860351562,3.9577484130859375e-05
28.027393341064453,5.4836273193359375e-05
29.348215103149414,4.458427429199219e-05
28.087785720825195,4.1961669921875e-05
27.832120895385742,5.936622619628906e-05
28.644033432006836,4.100799560546875e-05
27.81332015991211,4.100799560546875e-05
27.655834197998047,4.0531158447265625e-05
29.232629776000977,3.933906555175781e-05
28.9390869140625,4.6253204345703125e-05
28.937198638916016,4.100799560546875e-05
28.44737434387207,3.4332275390625e-05
28.312652587890625,3.457069396972656e-05
27.084842681884766,2.6464462280273438e-05
28.43427085876465,3.504753112792969e-05
28.253183364868164,3.409385681152344e-05
28.579803466796875,3.528594970703125e-05
28.75423240661621,2.765655517578125e-05
28.316387176513672,2.6941299438476562e-05
28.130300521850586,3.266334533691406e-05
28.358497619628906,2.5391578674316406e-05
28.326000213623047,2.7179718017578125e-05
28.96399688720703,3.075599670410156e-05
27.99555206298828,2.7298927307128906e-05
28.33731460571289,1.5735626220703125e-05
28.622493743896484,2.6226043701171875e-05
28.16305160522461,1.7881393432617188e-05
28.505996704101562,2.4199485778808594e-05
28.087743759155273,2.2649765014648438e-05
28.528865814208984,2.1338462829589844e-05
27.738056182861328,2.4199485778808594e-05
28.271596908569336,1.5974044799804688e-05
28.257883071899414,2.014636993408203e-05
27.719898223876953,2.014636993408203e-05
28.773303985595703,2.193450927734375e-05
28.323936462402344,1.8596649169921875e-05
28.16844940185547,2.0265579223632812e-05
28.114717483520508,2.300739288330078e-05
28.545299530029297,2.2292137145996094e-05
28.722755432128906,2.09808349609375e-05
27.83330535888672,1.9311904907226562e-05
27.12630271911621,1.633167266845703e-05
28.188709259033203,2.0742416381835938e-05
28.552181243896484,1.5616416931152344e-05
29.29991340637207,1.1861324310302734e-05
27.84146499633789,1.3768672943115234e-05
29.01259422302246,1.609325408935547e-05
27.8817195892334,1.52587890625e-05
28.734098434448242,1.3113021850585938e-05
28.266128540039062,1.2814998626708984e-05
28.245046615600586,1.2040138244628906e-05
28.531593322753906,1.1980533599853516e-05
28.603670120239258,1.150369644165039e-05
28.337831497192383,1.138448715209961e-05
28.838481903076172,1.895427703857422e-05
29.172603607177734,1.5735626220703125e-05
28.57881736755371,1.2755393981933594e-05
28.65991973876953,1.633167266845703e-05
28.488183975219727,8.761882781982422e-06
28.305904388427734,1.33514404296875e-05
28.785614013671875,8.463859558105469e-06
28.250913619995117,8.761882781982422e-06
28.816997528076172,1.1622905731201172e-05
28.700481414794922,1.0788440704345703e-05
28.667701721191406,1.1086463928222656e-05
28.777976989746094,1.4483928680419922e-05
28.517065048217773,1.33514404296875e-05
29.043014526367188,1.138448715209961e-05
27.655624389648438,9.953975677490234e-06
28.624847412109375,1.0192394256591797e-05
27.738277435302734,8.821487426757812e-06
27.957237243652344,7.063150405883789e-06
28.964250564575195,9.775161743164062e-06
28.306652069091797,9.715557098388672e-06
28.943307876586914,1.245737075805664e-05
27.882244110107422,8.821487426757812e-06
28.536954879760742,9.417533874511719e-06
28.714111328125,8.344650268554688e-06
28.37297248840332,5.781650543212891e-06
28.634260177612305,1.1205673217773438e-05
29.01982879638672,1.0192394256591797e-05
28.77251434326172,6.496906280517578e-06
28.281911849975586,7.808208465576172e-06
28.622446060180664,1.2814998626708984e-05
28.169658660888672,9.834766387939453e-06
27.5150203704834,4.559755325317383e-06
29.710538864135742,6.735324859619141e-06
27.241308212280273,1.0251998901367188e-05
29.070188522338867,7.271766662597656e-06
27.651371002197266,8.285045623779297e-06
28.750896453857422,7.241964340209961e-06
28.30497169494629,1.0371208190917969e-05
29.069591522216797,9.238719940185547e-06
28.436033248901367,4.798173904418945e-06
28.462295532226562,1.043081283569336e-05
28.663362503051758,1.0967254638671875e-05
28.182659149169922,4.827976226806641e-06
28.18310546875,6.258487701416016e-06
28.333984375,7.18235969543457e-06
27.8399715423584,7.987022399902344e-06
28.611284255981445,8.881092071533203e-06
28.131200790405273,7.12275505065918e-06
27.573150634765625,4.738569259643555e-06
27.998064041137695,4.76837158203125e-06
27.69222068786621,6.794929504394531e-06
28.541366577148438,5.453824996948242e-06
28.157480239868164,8.821487426757812e-06
28.864524841308594,4.231929779052734e-06
27.741125106811523,5.0067901611328125e-06
28.000286102294922,8.165836334228516e-06
28.61634063720703,6.139278411865234e-06
27.932294845581055,4.470348358154297e-06
27.781152725219727,5.424022674560547e-06
27.296300888061523,6.735324859619141e-06
28.19784927368164,4.738569259643555e-06
28.29167366027832,4.708766937255859e-06
29.133573532104492,6.079673767089844e-06
28.8828182220459,5.662441253662109e-06
28.52193260192871,4.410743713378906e-06
28.382661819458008,4.351139068603516e-06
29.183326721191406,4.9173831939697266e-06
27.826984405517578,3.56137752532959e-06
28.12722396850586,3.11434268951416e-06
28.74842071533203,5.185604095458984e-06
28.529796600341797,5.692243576049805e-06
28.038188934326172,6.586313247680664e-06
29.212631225585938,4.172325134277344e-06
27.560916900634766,7.808208465576172e-06
29.122007369995117,6.9141387939453125e-06
28.366296768188477,4.351139068603516e-06
27.850419998168945,6.16908073425293e-06
28.509462356567383,4.798173904418945e-06
28.263851165771484,3.814697265625e-06
28.837326049804688,5.4836273193359375e-06
28.68610191345215,4.947185516357422e-06
28.209089279174805,5.781650543212891e-06
28.0401668548584,5.036592483520508e-06
28.249767303466797,4.231929779052734e-06
29.000953674316406,5.602836608886719e-06
28.45925521850586,4.649162292480469e-06
27.626441955566406,5.513429641723633e-06
28.54446792602539,6.288290023803711e-06
28.229976654052734,5.334615707397461e-06
27.753986358642578,5.304813385009766e-06
28.26722526550293,5.841255187988281e-06
28.439102172851562,3.844499588012695e-06
27.692161560058594,6.854534149169922e-06
27.82538604736328,4.738569259643555e-06
27.85222816467285,2.8759241104125977e-06
28.55191421508789,4.798173904418945e-06
28.536203384399414,4.023313522338867e-06
28.2425479888916,4.351139068603516e-06
28.554513931274414,4.1425228118896484e-06
28.385631561279297,5.21540641784668e-06
27.485382080078125,3.293156623840332e-06
28.303363800048828,4.857778549194336e-06
29.04756736755371,4.112720489501953e-06
28.436790466308594,6.139278411865234e-06
28.3531551361084,4.827976226806641e-06
28.679929733276367,8.404254913330078e-06
27.678688049316406,3.7103891372680664e-06
27.619333267211914,5.21540641784668e-06
27.920827865600586,4.947185516357422e-06
28.76557159423828,5.900859832763672e-06
27.136621475219727,7.62939453125e-06
27.7703857421875,5.27501106262207e-06
28.297183990478516,3.9637088775634766e-06
28.679027557373047,5.9604644775390625e-06
28.21805763244629,6.67572021484375e-06
28.32763671875,3.6656856536865234e-06
28.61793327331543,7.361173629760742e-06
28.720027923583984,6.9141387939453125e-06
28.780179977416992,5.692243576049805e-06
28.369781494140625,4.112720489501953e-06
27.778900146484375,3.4123659133911133e-06
29.0512638092041,5.5730342864990234e-06
27.821531295776367,5.424022674560547e-06
27.504758834838867,4.202127456665039e-06
28.81882095336914,4.827976226806641e-06
28.233034133911133,4.887580871582031e-06
28.604488372802734,5.7220458984375e-06
27.528213500976562,3.6507844924926758e-06
28.515737533569336,4.857778549194336e-06
28.339859008789062,3.844499588012695e-06
28.25723648071289,3.2633543014526367e-06
28.671953201293945,3.606081008911133e-06
27.38319206237793,4.827976226806641e-06
28.790090560913086,4.857778549194336e-06
28.6617488861084,3.7997961044311523e-06
29.107820510864258,4.4405460357666016e-06
27.483917236328125,3.3676624298095703e-06
26.547199249267578,4.291534423828125e-06
28.805423736572266,4.738569259643555e-06
29.061996459960938,5.036592483520508e-06
27.72608184814453,2.9206275939941406e-06
28.65928077697754,3.3527612686157227e-06
28.01319694519043,4.0531158447265625e-06
28.46131706237793,5.781650543212891e-06
28.195789337158203,4.649162292480469e-06
28.237201690673828,3.3229589462280273e-06
27.922569274902344,2.7865171432495117e-06
28.263704299926758,4.380941390991211e-06
28.521408081054688,5.304813385009766e-06
28.492509841918945,6.16908073425293e-06
28.374391555786133,3.874301910400391e-06
28.000572204589844,8.106231689453125e-06
28.124818801879883,4.827976226806641e-06
28.49448585510254,4.857778549194336e-06
29.110872268676758,2.8908252716064453e-06
27.849550247192383,3.084540367126465e-06
28.445892333984375,3.293156623840332e-06
27.751365661621094,4.5299530029296875e-06
28.30483055114746,9.822845458984375e-05
28.312665939331055,3.382563591003418e-06
28.472307205200195,6.0498714447021484e-06
28.756977081298828,6.109476089477539e-06
28.574819564819336,4.26173210144043e-06
28.35782814025879,3.7401914596557617e-06
28.941476821899414,5.0961971282958984e-06
27.593738555908203,3.382563591003418e-06
28.11768341064453,4.559755325317383e-06
29.075273513793945,4.231929779052734e-06
28.84092140197754,2.5480985641479492e-06
28.88764190673828,3.56137752532959e-06
26.853961944580078,4.082918167114258e-06
28.306901931762695,4.231929779052734e-06
28.056041717529297,5.364418029785156e-06
28.23533821105957,4.112720489501953e-06
29.021156311035156,3.129243850708008e-06
28.16257095336914,3.5315752029418945e-06
27.367094039916992,6.0498714447021484e-06
28.987255096435547,1.7434358596801758e-06
28.74433708190918,3.7401914596557617e-06
28.660192489624023,4.6193599700927734e-06
28.79401206970215,5.543231964111328e-06
28.639833450317383,5.9604644775390625e-06
27.8488712310791,4.351139068603516e-06
28.06938362121582,5.811452865600586e-06
28.1137752532959,5.9604644775390625e-06
28.1220645904541,3.7550926208496094e-06
29.195497512817383,4.678964614868164e-06
28.654142379760742,2.6971101760864258e-06
29.135639190673828,4.827976226806641e-06
28.8260498046875,4.023313522338867e-06
28.849580764770508,1.4603137969970703e-06
28.21638298034668,4.9173831939697266e-06
28.103090286254883,6.258487701416016e-06
28.27822494506836,3.933906555175781e-06
28.745145797729492,2.1904706954956055e-06
27.84042739868164,4.023313522338867e-06
27.596071243286133,2.3245811462402344e-06
27.857818603515625,2.86102294921875e-06
27.97580909729004,4.082918167114258e-06
28.815523147583008,5.036592483520508e-06
27.919584274291992,4.380941390991211e-06
28.69459342956543,2.2649765014648438e-06
28.786767959594727,4.738569259643555e-06
27.520469665527344,3.3527612686157227e-06
27.9913330078125,2.950429916381836e-06
28.82908821105957,2.1010637283325195e-06
27.970075607299805,3.4868717193603516e-06
29.506710052490234,3.4570693969726562e-06
27.15850067138672,3.203749656677246e-06
28.609901428222656,3.680586814880371e-06
28.084280014038086,2.2351741790771484e-06
29.208436965942383,3.680586814880371e-06
27.872282028198242,4.947185516357422e-06
28.661781311035156,5.155801773071289e-06
28.37654685974121,3.4868717193603516e-06
27.349140167236328,2.8014183044433594e-06
28.526111602783203,3.6656856536865234e-06
29.22044563293457,2.562999725341797e-06
28.0693359375,5.0961971282958984e-06
28.103605270385742,2.5331974029541016e-06
28.724224090576172,2.3692846298217773e-06
27.795501708984375,5.513429641723633e-06
28.30007553100586,4.976987838745117e-06
27.265987396240234,2.428889274597168e-06
28.1475887298584,1.2516975402832031e-06
28.273038864135742,2.9653310775756836e-06
29.323223114013672,6.973743438720703e-06
28.647653579711914,2.0116567611694336e-06
28.12660789489746,3.2633543014526367e-06
28.55881690979004,4.410743713378906e-06
28.320022583007812,5.036592483520508e-06
28.576318740844727,5.304813385009766e-06
28.02240753173828,3.7997961044311523e-06
28.223499298095703,2.7418136596679688e-06
28.10282325744629,2.9653310775756836e-06
27.569944381713867,6.765127182006836e-06
28.152803421020508,2.592802047729492e-06
28.747512817382812,2.9206275939941406e-06
29.368648529052734,3.5762786865234375e-06
27.858936309814453,3.159046173095703e-06
29.172286987304688,3.0100345611572266e-06
28.650917053222656,2.086162567138672e-06
28.12720489501953,3.606081008911133e-06
28.163738250732422,2.950429916381836e-06
29.203819274902344,2.771615982055664e-06
29.298904418945312,3.844499588012695e-06
28.484586715698242,3.814697265625e-06
28.31775665283203,3.382563591003418e-06
28.54111671447754,2.86102294921875e-06
27.99574851989746,6.288290023803711e-06
28.808401107788086,2.0265579223632812e-06
28.395662307739258,2.637505531311035e-06
28.61063003540039,2.7567148208618164e-06
28.77399253845215,3.471970558166504e-06
27.4620304107666,3.1441450119018555e-06
28.312915802001953,3.2186508178710938e-06
27.826385498046875,5.3942203521728516e-06
28.02019500732422,4.26173210144043e-06
28.155834197998047,3.844499588012695e-06
29.068418502807617,2.473592758178711e-06
28.578039169311523,2.4586915969848633e-06
27.806114196777344,2.4437904357910156e-06
28.591705322265625,2.473592758178711e-06
28.772363662719727,3.129243850708008e-06
27.70488166809082,3.725290298461914e-06
28.840457916259766,2.16066837310791e-06
28.879117965698242,5.0961971282958984e-06
28.315353393554688,2.2351741790771484e-06
29.169591903686523,1.9818544387817383e-06
27.60564613342285,2.995133399963379e-06
28.02353286743164,2.8908252716064453e-06
28.97319221496582,2.771615982055664e-06
28.532493591308594,2.652406692504883e-06
28.918228149414062,5.155801773071289e-06
27.89097785949707,2.2202730178833008e-06
28.957462310791016,3.904104232788086e-06
28.836042404174805,6.67572021484375e-06
28.261768341064453,2.7418136596679688e-06
27.886030197143555,3.382563591003418e-06
28.50727081298828,4.708766937255859e-06
28.161874771118164,3.9637088775634766e-06
29.078922271728516,4.678964614868164e-06
28.75840187072754,3.3229589462280273e-06
27.662221908569336,3.4570693969726562e-06
28.077434539794922,3.9637088775634766e-06
28.315256118774414,2.682209014892578e-06
28.44746208190918,3.56137752532959e-06
28.109426498413086,2.518296241760254e-06
28.439559936523438,3.4123659133911133e-06
28.715002059936523,2.7567148208618164e-06
28.310420989990234,2.384185791015625e-06
28.088300704956055,4.082918167114258e-06
29.11573600769043,2.9206275939941406e-06
28.103839874267578,2.5480985641479492e-06
28.646608352661133,1.6167759895324707e-06
29.192502975463867,1.952052116394043e-06
27.663930892944336,3.471970558166504e-06
28.230392456054688,2.3245811462402344e-06
28.443822860717773,4.1425228118896484e-06
28.357210159301758,2.6226043701171875e-06
28.119972229003906,4.172325134277344e-06
27.45335578918457,3.4570693969726562e-06
27.96086311340332,3.3229589462280273e-06
28.32127571105957,3.874301910400391e-06
28.450275421142578,2.339482307434082e-06
29.24144172668457,2.250075340270996e-06
28.869356155395508,1.9669532775878906e-06
28.960474014282227,5.8710575103759766e-06
28.747966766357422,3.471970558166504e-06
28.373193740844727,3.680586814880371e-06
28.609006881713867,2.4437904357910156e-06
28.71630859375,1.6093254089355469e-06
28.439775466918945,2.5779008865356445e-06
28.247804641723633,2.8014183044433594e-06
28.439674377441406,1.4528632164001465e-06
27.376922607421875,2.682209014892578e-06
28.88455581665039,2.5480985641479492e-06
28.966760635375977,3.814697265625e-06
28.000839233398438,3.471970558166504e-06
27.27867889404297,2.9802322387695312e-06
29.114486694335938,2.205371856689453e-06
27.912885665893555,2.637505531311035e-06
28.8460693359375,3.203749656677246e-06
28.484981536865234,3.0994415283203125e-06
28.19721794128418,2.8014183044433594e-06
29.10637664794922,3.635883331298828e-06
28.609750747680664,1.9222497940063477e-06
27.63790512084961,2.4139881134033203e-06
28.399925231933594,1.4677643775939941e-06
28.573928833007812,2.4139881134033203e-06
28.685081481933594,1.6316771507263184e-06
27.804302215576172,3.159046173095703e-06
28.129451751708984,1.3709068298339844e-06
28.99689483642578,2.175569534301758e-06
28.24833106994629,3.0100345611572266e-06
27.62633514404297,3.7550926208496094e-06
28.269445419311523,3.680586814880371e-06
28.62994956970215,3.293156623840332e-06
28.65459632873535,1.9669532775878906e-06
29.19174575805664,3.5762786865234375e-06
28.983264923095703,3.6507844924926758e-06
28.47075080871582,3.337860107421875e-06
28.587448120117188,3.129243850708008e-06
27.07513999938965,5.185604095458984e-06
28.62790870666504,2.8908252716064453e-06
29.083702087402344,2.1010637283325195e-06
28.041778564453125,3.129243850708008e-06
29.014225006103516,2.086162567138672e-06
27.560733795166016,2.637505531311035e-06
28.193950653076172,4.172325134277344e-06
28.127307891845703,2.2649765014648438e-06
28.146076202392578,2.726912498474121e-06
28.599573135375977,2.2351741790771484e-06
28.103240966796875,3.4868717193603516e-06
28.376148223876953,3.203749656677246e-06
27.657794952392578,3.2335519790649414e-06
28.69694709777832,1.952052116394043e-06
28.682462692260742,1.7210841178894043e-06
27.878625869750977,1.862645149230957e-06
28.908823013305664,1.430511474609375e-06
28.783191680908203,2.250075340270996e-06
28.934879302978516,2.041459083557129e-06
28.75615692138672,3.5017728805541992e-06
28.740482330322266,1.7508864402770996e-06
28.93152618408203,3.0100345611572266e-06
28.820301055908203,2.1010637283325195e-06
29.01028823852539,2.3245811462402344e-06
28.5339412689209,1.8849968910217285e-06
28.045093536376953,2.8908252716064453e-06
28.236988067626953,2.5331974029541016e-06
28.16409683227539,2.905726432800293e-06
27.767667770385742,1.6167759895324707e-06
28.882720947265625,2.562999725341797e-06
29.114234924316406,2.6673078536987305e-06
28.416526794433594,1.7508864402770996e-06
28.683313369750977,1.9669532775878906e-06
28.351640701293945,3.3080577850341797e-06
28.289499282836914,1.996755599975586e-06
28.1290283203125,2.7567148208618164e-06
28.451852798461914,1.9222497940063477e-06
28.460844039916992,2.0563602447509766e-06
27.72056770324707,2.4139881134033203e-06
29.060428619384766,2.130866050720215e-06
28.08205795288086,2.562999725341797e-06
28.857046127319336,2.8908252716064453e-06
29.131187438964844,3.0100345611572266e-06
28.604137420654297,1.6391277313232422e-06
27.65868377685547,2.6971101760864258e-06
28.443628311157227,2.473592758178711e-06
27.400468826293945,1.8477439880371094e-06
28.35344123840332,3.6209821701049805e-06
29.113544464111328,3.337860107421875e-06
28.494468688964844,2.60770320892334e-06
28.274988174438477,2.7418136596679688e-06
27.36289405822754,2.250075340270996e-06
28.416444778442383,2.4884939193725586e-06
29.08611297607422,2.562999725341797e-06
27.76569366455078,2.3990869522094727e-06
28.42941665649414,2.8908252716064453e-06
28.418256759643555,3.1441450119018555e-06
28.652477264404297,2.682209014892578e-06
27.09322738647461,3.993511199951172e-06
28.519744873046875,2.1010637283325195e-06
27.413816452026367,4.172325134277344e-06
28.48823356628418,3.084540367126465e-06
27.89824676513672,2.682209014892578e-06
27.84880828857422,3.0547380447387695e-06
28.34082794189453,3.7401914596557617e-06
27.493257522583008,2.294778823852539e-06
28.91657829284668,2.7120113372802734e-06
28.65524673461914,4.26173210144043e-06
27.81892204284668,2.5331974029541016e-06
28.06798553466797,1.8402934074401855e-06
28.01543617248535,2.041459083557129e-06
28.221250534057617,4.082918167114258e-06
28.881744384765625,3.203749656677246e-06
28.790435791015625,2.4139881134033203e-06
27.930339813232422,2.637505531311035e-06
28.08877182006836,2.592802047729492e-06
27.639631271362305,3.1441450119018555e-06
28.264461517333984,2.339482307434082e-06
27.945524215698242,3.039836883544922e-06
28.443275451660156,3.7103891372680664e-06
28.084775924682617,1.735985279083252e-06
28.62946891784668,2.726912498474121e-06
27.53716278076172,2.041459083557129e-06
29.134878158569336,2.3990869522094727e-06
28.754404067993164,1.8551945686340332e-06
28.548063278198242,1.5124678611755371e-06
28.766658782958984,3.5017728805541992e-06
28.776981353759766,2.1010637283325195e-06
27.78624725341797,1.8700957298278809e-06
27.942678451538086,3.5017728805541992e-06
28.509201049804688,3.2782554626464844e-06
28.28729820251465,2.0265579223632812e-06
28.36948013305664,3.4421682357788086e-06
27.429561614990234,3.248453140258789e-06
28.867687225341797,2.2351741790771484e-06
27.9893798828125,1.2367963790893555e-06
28.383756637573242,1.8924474716186523e-06
28.363935470581055,2.4884939193725586e-06
27.59926414489746,3.680586814880371e-06
27.86541175842285,4.0531158447265625e-06
28.42416000366211,2.2351741790771484e-06
28.502717971801758,3.2782554626464844e-06
27.77356719970703,2.5033950805664062e-06
28.715240478515625,1.7583370208740234e-06
28.332599639892578,1.8477439880371094e-06
27.818920135498047,1.9818544387817383e-06
28.17502784729004,2.0116567611694336e-06
27.5616512298584,2.3692846298217773e-06
28.430755615234375,4.023313522338867e-06
27.285280227661133,3.6954879760742188e-06
28.547534942626953,2.995133399963379e-06
29.282175064086914,3.084540367126465e-06
27.06122398376465,2.041459083557129e-06
28.512670516967773,2.652406692504883e-06
28.73845672607422,2.115964889526367e-06
28.716516494750977,2.175569534301758e-06
28.726783752441406,2.3990869522094727e-06
28.58202362060547,2.6226043701171875e-06
27.86740493774414,3.129243850708008e-06
28.852882385253906,3.6954879760742188e-06
27.55694007873535,2.6971101760864258e-06
28.006723403930664,1.5124678611755371e-06
28.98579216003418,1.475214958190918e-06
28.661401748657227,3.4421682357788086e-06
28.21079444885254,3.606081008911133e-06
27.292463302612305,2.518296241760254e-06
28.281347274780273,3.1888484954833984e-06
28.498249053955078,6.705522537231445e-06
28.74238395690918,2.8312206268310547e-06
28.330934524536133,1.6093254089355469e-06
27.763490676879883,2.2202730178833008e-06
29.122608184814453,2.2649765014648438e-06
28.73267364501953,2.205371856689453e-06
28.836156845092773,2.8759241104125977e-06
29.04052734375,3.2633543014526367e-06
27.46702003479004,2.1457672119140625e-06
28.779747009277344,4.410743713378906e-06
28.16101837158203,2.3096799850463867e-06
26.898834228515625,2.771615982055664e-06
27.725980758666992,3.4570693969726562e-06
28.5128116607666,2.384185791015625e-06
28.273698806762695,3.1441450119018555e-06
27.987354278564453,3.039836883544922e-06
28.35283660888672,1.7955899238586426e-06
29.184303283691406,2.9802322387695312e-06
28.8537654876709,1.8551945686340332e-06
27.874597549438477,8.96453857421875e-05
27.729507446289062,2.7120113372802734e-06
28.612930297851562,1.519918441772461e-06
28.414531707763672,3.084540367126465e-06
28.457998275756836,3.5762786865234375e-06
28.86848258972168,2.1904706954956055e-06
27.87303352355957,2.5331974029541016e-06
28.637168884277344,2.518296241760254e-06
29.007492065429688,1.817941665649414e-06
28.493450164794922,1.1548399925231934e-06
28.197269439697266,1.996755599975586e-06
27.858121871948242,1.8775463104248047e-06
27.7455997467041,1.5795230865478516e-06
28.808547973632812,1.5422701835632324e-06
29.29285430908203,3.3229589462280273e-06
28.36046600341797,2.0116567611694336e-06
28.63678550720215,2.294778823852539e-06
29.041015625,2.7120113372802734e-06
28.558841705322266,3.0547380447387695e-06
28.19684410095215,1.0654330253601074e-06
28.632904052734375,2.86102294921875e-06
27.65842056274414,3.5017728805541992e-06
28.305559158325195,2.4437904357910156e-06
28.638704299926758,3.3974647521972656e-06
29.228147506713867,2.518296241760254e-06
28.12636375427246,2.250075340270996e-06
28.623340606689453,1.3634562492370605e-06
28.785070419311523,2.0563602447509766e-06
29.006113052368164,2.9206275939941406e-06
28.345584869384766,1.8998980522155762e-06
27.729284286499023,2.86102294921875e-06
27.888086318969727,4.857778549194336e-06
27.970617294311523,2.2798776626586914e-06
28.847759246826172,2.473592758178711e-06
28.663301467895508,2.816319465637207e-06
27.919445037841797,2.1457672119140625e-06
28.154373168945312,3.680586814880371e-06
29.009319305419922,3.874301910400391e-06
27.332883834838867,1.780688762664795e-06
28.553922653198242,2.428889274597168e-06
27.968984603881836,2.5331974029541016e-06
28.23995018005371,2.9802322387695312e-06
28.7882137298584,1.9371509552001953e-06
28.7142333984375,2.816319465637207e-06
27.96907615661621,2.1904706954956055e-06
28.045730590820312,3.904104232788086e-06
27.920007705688477,2.3245811462402344e-06
28.261228561401367,2.1904706954956055e-06
28.920236587524414,2.294778823852539e-06
29.017274856567383,2.592802047729492e-06
28.886770248413086,1.5124678611755371e-06
28.847694396972656,2.0563602447509766e-06
28.173908233642578,3.2633543014526367e-06
28.836715698242188,2.3245811462402344e-06
27.428686141967773,2.60770320892334e-06
27.9696044921875,3.248453140258789e-06
28.093948364257812,2.0563602447509766e-06
27.942352294921875,1.9222497940063477e-06
28.156177520751953,2.2351741790771484e-06
28.215354919433594,3.0100345611572266e-06
28.008398056030273,1.9222497940063477e-06
28.41415786743164,2.726912498474121e-06
27.747159957885742,2.130866050720215e-06
28.451271057128906,2.5779008865356445e-06
28.062828063964844,2.041459083557129e-06
27.906997680664062,3.3974647521972656e-06
28.916919708251953,2.115964889526367e-06
28.337385177612305,2.2351741790771484e-06
28.85920524597168,3.0249357223510742e-06
27.82549285888672,3.039836883544922e-06
28.79228973388672,1.8849968910217285e-06
27.794580459594727,2.7567148208618164e-06
28.293712615966797,1.4379620552062988e-06
28.272363662719727,2.562999725341797e-06
28.63474464416504,2.8461217880249023e-06
27.628223419189453,1.780688762664795e-06
28.792451858520508,1.6093254089355469e-06
28.910438537597656,4.410743713378906e-06
28.40553855895996,3.1441450119018555e-06
28.254379272460938,2.130866050720215e-06
29.118873596191406,2.8908252716064453e-06
28.644994735717773,2.562999725341797e-06
27.85988426208496,1.735985279083252e-06
28.675922393798828,1.8477439880371094e-06
28.95252799987793,3.0547380447387695e-06
28.970844268798828,4.231929779052734e-06
27.615135192871094,2.2649765014648438e-06
28.68956184387207,1.773238182067871e-06
27.826139450073242,3.769993782043457e-06
28.49736785888672,1.996755599975586e-06
28.403072357177734,2.2351741790771484e-06
28.32945442199707,2.3543834686279297e-06
28.015480041503906,3.11434268951416e-06
28.542522430419922,1.6689300537109375e-06
28.27668571472168,3.4421682357788086e-06
28.737112045288086,1.6167759895324707e-06
28.420379638671875,1.996755599975586e-06
28.42633628845215,1.7955899238586426e-06
28.366647720336914,1.8402934074401855e-06
28.476938247680664,2.4884939193725586e-06
29.092737197875977,3.203749656677246e-06
28.058897018432617,1.1995434761047363e-06
28.975936889648438,2.7120113372802734e-06
28.034156799316406,3.635883331298828e-06
28.33783721923828,2.6226043701171875e-06
28.38488006591797,2.9355287551879883e-06
28.96207046508789,3.471970558166504e-06
27.921926498413086,3.11434268951416e-06
27.737632751464844,3.203749656677246e-06
28.561237335205078,3.2633543014526367e-06
28.241315841674805,3.7550926208496094e-06
28.176467895507812,2.3692846298217773e-06
27.37986183166504,2.60770320892334e-06
28.908546447753906,1.4156103134155273e-06
27.93588638305664,3.2633543014526367e-06
29.110321044921875,2.2202730178833008e-06
27.874311447143555,2.8908252716064453e-06
27.753881454467773,1.6763806343078613e-06
28.593242645263672,3.7401914596557617e-06
27.373430252075195,3.069639205932617e-06
28.772798538208008,3.546476364135742e-06
27.063417434692383,3.725290298461914e-06
28.54958152770996,2.3543834686279297e-06
29.283533096313477,2.428889274597168e-06
28.53656578063965,2.3990869522094727e-06
28.08516502380371,3.2335519790649414e-06
29.472976684570312,2.9802322387695312e-06
28.051877975463867,2.205371856689453e-06
27.95142364501953,1.55717134475708e-06
28.638717651367188,3.2782554626464844e-06
29.257423400878906,3.3229589462280273e-06
28.214649200439453,1.8849968910217285e-06
28.440628051757812,2.3245811462402344e-06
28.50307846069336,2.1904706954956055e-06
28.332809448242188,2.294778823852539e-06
28.70730972290039,2.5779008865356445e-06
28.636512756347656,2.682209014892578e-06
28.06136131286621,2.8312206268310547e-06
27.178150177001953,3.3974647521972656e-06
28.76049041748047,4.172325134277344e-06
28.587495803833008,2.041459083557129e-06
28.168231964111328,2.115964889526367e-06
28.802810668945312,3.5017728805541992e-06
28.407115936279297,2.339482307434082e-06
27.845552444458008,2.3096799850463867e-06
28.654571533203125,1.9371509552001953e-06
28.438922882080078,2.5480985641479492e-06
29.31252098083496,2.6673078536987305e-06
27.813398361206055,2.652406692504883e-06
28.550539016723633,2.4884939193725586e-06
28.657825469970703,2.4884939193725586e-06
28.091562271118164,1.601874828338623e-06
28.28666114807129,2.175569534301758e-06
28.7576847076416,3.1888484954833984e-06
27.91568374633789,3.6507844924926758e-06
28.69904327392578,3.248453140258789e-06
27.259910583496094,1.9669532775878906e-06
28.490314483642578,5.3942203521728516e-06
28.171541213989258,2.130866050720215e-06
27.875398635864258,1.773238182067871e-06
29.1845703125,1.4975666999816895e-06
28.134485244750977,2.60770320892334e-06
28.996057510375977,2.250075340270996e-06
28.579219818115234,1.4379620552062988e-06
28.29931640625,1.735985279083252e-06
28.568052291870117,2.2798776626586914e-06
28.47239112854004,2.115964889526367e-06
28.991273880004883,4.26173210144043e-06
27.62855339050293,2.115964889526367e-06
28.904523849487305,2.562999725341797e-06
28.702136993408203,1.7508864402770996e-06
28.081212997436523,2.205371856689453e-06
29.268861770629883,3.5017728805541992e-06
28.701276779174805,2.8312206268310547e-06
28.63447380065918,2.16066837310791e-06
27.486778259277344,2.5033950805664062e-06
27.949748992919922,2.0116567611694336e-06
28.718603134155273,1.6391277313232422e-06
29.278505325317383,2.60770320892334e-06
28.597780227661133,1.5124678611755371e-06
28.403593063354492,1.3783574104309082e-06
28.332483291625977,1.2740492820739746e-06
28.913429260253906,2.7120113372802734e-06
29.307147979736328,2.9802322387695312e-06
28.6130313873291,2.1904706954956055e-06
28.61320686340332,2.7865171432495117e-06
27.36961555480957,2.250075340270996e-06
27.84065818786621,2.637505531311035e-06
28.866474151611328,2.3096799850463867e-06
29.080093383789062,2.130866050720215e-06
28.72262191772461,3.874301910400391e-06
28.240156173706055,2.8759241104125977e-06
28.67100715637207,2.771615982055664e-06
28.206096649169922,3.3676624298095703e-06
28.974002838134766,4.291534423828125e-06
28.506864547729492,2.6226043701171875e-06
29.440967559814453,1.4826655387878418e-06
28.66578483581543,2.8759241104125977e-06
28.40286636352539,3.6507844924926758e-06
28.62908363342285,1.8328428268432617e-06
28.869844436645508,2.950429916381836e-06
28.044658660888672,1.9371509552001953e-06
28.411422729492188,1.385807991027832e-06
28.750839233398438,3.3974647521972656e-06
28.72064781188965,2.086162567138672e-06
28.397525787353516,2.3692846298217773e-06
28.137897491455078,2.4586915969848633e-06
28.656644821166992,3.904104232788086e-06
29.15224838256836,2.175569534301758e-06
28.508769989013672,3.933906555175781e-06
27.486900329589844,2.086162567138672e-06
27.941974639892578,2.2351741790771484e-06
28.103242874145508,3.635883331298828e-06
29.101394653320312,2.0265579223632812e-06
27.894617080688477,2.4586915969848633e-06
28.574960708618164,2.682209014892578e-06
28.710601806640625,2.7120113372802734e-06
28.220947265625,2.592802047729492e-06
28.82815933227539,2.0563602447509766e-06
28.177112579345703,2.9653310775756836e-06
27.70258140563965,2.205371856689453e-06
28.344863891601562,3.56137752532959e-06
28.228729248046875,2.905726432800293e-06
27.86634063720703,1.2442469596862793e-06
28.35165786743164,2.6673078536987305e-06
26.818803787231445,1.996755599975586e-06
28.92850685119629,2.7418136596679688e-06
27.89171028137207,2.86102294921875e-06
28.373994827270508,2.7418136596679688e-06
27.667722702026367,2.592802047729492e-06
28.541418075561523,4.76837158203125e-06
28.997074127197266,1.9669532775878906e-06
28.990278244018555,3.0100345611572266e-06
28.60007095336914,1.5944242477416992e-06
28.42142677307129,3.5762786865234375e-06
28.303897857666016,2.3245811462402344e-06
28.323871612548828,2.384185791015625e-06
27.839014053344727,2.16066837310791e-06
28.499677658081055,3.0994415283203125e-06
27.819278717041016,2.7120113372802734e-06
28.63730239868164,1.6689300537109375e-06
27.739477157592773,2.950429916381836e-06
28.70923614501953,2.3096799850463867e-06
28.365890502929688,4.678964614868164e-06
28.268442153930664,1.4379620552062988e-06
27.6983699798584,3.904104232788086e-06
28.442420959472656,2.8461217880249023e-06
28.806682586669922,3.4123659133911133e-06
28.493337631225586,2.771615982055664e-06
27.4219913482666,2.0712614059448242e-06
28.555692672729492,2.2202730178833008e-06
28.109384536743164,1.5422701835632324e-06
28.437379837036133,2.0116567611694336e-06
28.632518768310547,4.0531158447265625e-06
28.540788650512695,1.646578311920166e-06
28.41366958618164,1.9371509552001953e-06
28.47126579284668,2.3245811462402344e-06
28.983417510986328,2.518296241760254e-06
27.825603485107422,3.1441450119018555e-06
28.651872634887695,1.8551945686340332e-06
27.942323684692383,2.3245811462402344e-06
28.10869598388672,4.26173210144043e-06
28.270692825317383,3.3229589462280273e-06
28.678768157958984,2.5480985641479492e-06
28.32131576538086,2.816319465637207e-06
27.801494598388672,2.86102294921875e-06
27.803014755249023,2.7567148208618164e-06
27.969215393066406,2.771615982055664e-06
28.203941345214844,3.0100345611572266e-06
27.264699935913086,2.205371856689453e-06
28.781909942626953,2.205371856689453e-06
29.192922592163086,2.592802047729492e-06
28.993757247924805,2.250075340270996e-06
27.580251693725586,3.069639205932617e-06
27.42909049987793,2.8461217880249023e-06
28.357158660888672,1.780688762664795e-06
27.60260581970215,2.905726432800293e-06
27.313264846801758,1.8700957298278809e-06
28.908594131469727,3.337860107421875e-06
28.507455825805664,3.516674041748047e-06
28.128761291503906,1.8477439880371094e-06
28.683406829833984,2.8461217880249023e-06
27.666648864746094,1.475214958190918e-06
27.826143264770508,3.4123659133911133e-06
28.048276901245117,3.069639205932617e-06
28.64065170288086,2.4139881134033203e-06
28.69738006591797,2.6226043701171875e-06
28.665266036987305,1.8700957298278809e-06
28.508935928344727,1.862645149230957e-06
28.048131942749023,1.4454126358032227e-06
27.985248565673828,2.4139881134033203e-06
28.411767959594727,2.205371856689453e-06
28.490747451782227,2.637505531311035e-06
28.239038467407227,1.0281801223754883e-06
28.690391540527344,2.4884939193725586e-06
29.3266658782959,3.203749656677246e-06
27.988460540771484,2.2351741790771484e-06
28.465200424194336,2.4139881134033203e-06
28.690732955932617,3.159046173095703e-06
28.49774742126465,2.115964889526367e-06
28.440288543701172,2.0712614059448242e-06
28.95142364501953,4.202127456665039e-06
27.83226776123047,2.4437904357910156e-06
28.291048049926758,3.0547380447387695e-06
28.25585174560547,2.250075340270996e-06
28.93760108947754,1.8104910850524902e-06
28.45751190185547,1.080334186553955e-06
28.34317970275879,3.0547380447387695e-06
28.59202003479004,3.0547380447387695e-06
28.115129470825195,2.250075340270996e-06
27.665437698364258,1.8700957298278809e-06
27.702484130859375,3.3527612686157227e-06
28.567562103271484,2.592802047729492e-06
28.46046257019043,1.8700957298278809e-06
28.31492042541504,3.3974647521972656e-06
26.43760871887207,2.4139881134033203e-06
28.661388397216797,2.3990869522094727e-06
27.84404754638672,3.039836883544922e-06
28.455123901367188,2.041459083557129e-06
27.911035537719727,2.652406692504883e-06
28.368263244628906,3.084540367126465e-06
27.376237869262695,3.1739473342895508e-06
29.022354125976562,1.5944242477416992e-06
28.808351516723633,1.8849968910217285e-06
28.83560562133789,2.4586915969848633e-06
27.901824951171875,3.248453140258789e-06
28.657224655151367,1.259148120880127e-06
28.670209884643555,2.0712614059448242e-06
28.670940399169922,1.5795230865478516e-06
27.25069808959961,1.996755599975586e-06
28.189842224121094,2.9206275939941406e-06
28.431821823120117,2.2798776626586914e-06
28.369186401367188,1.9818544387817383e-06
28.148056030273438,3.11434268951416e-06
29.019088745117188,3.4421682357788086e-06
28.150609970092773,2.9206275939941406e-06
28.859750747680664,3.2186508178710938e-06
28.578216552734375,2.771615982055664e-06
28.05323600769043,2.3245811462402344e-06
28.20933723449707,2.428889274597168e-06
28.281030654907227,1.9818544387817383e-06
28.943822860717773,2.9355287551879883e-06
28.252365112304688,2.518296241760254e-06
28.959247589111328,2.592802047729492e-06
28.652294158935547,1.7061829566955566e-06
28.17571449279785,3.3527612686157227e-06
28.726802825927734,6.9141387939453125e-06
28.83213233947754,3.248453140258789e-06
27.42682456970215,3.129243850708008e-06
28.294389724731445,2.726912498474121e-06
28.149259567260742,2.995133399963379e-06
27.286788940429688,2.2202730178833008e-06
28.952068328857422,1.8030405044555664e-06
28.536218643188477,2.9206275939941406e-06
27.786487579345703,2.816319465637207e-06
28.1431827545166,2.7567148208618164e-06
28.67919921875,2.8461217880249023e-06
29.06476402282715,2.4586915969848633e-06
28.423315048217773,2.2649765014648438e-06
28.668298721313477,2.995133399963379e-06
29.042917251586914,1.8998980522155762e-06
28.46926498413086,2.0712614059448242e-06
28.762191772460938,2.9206275939941406e-06
28.8045597076416,2.9206275939941406e-06
28.33692741394043,1.952052116394043e-06
28.494176864624023,1.4901161193847656e-06
28.928056716918945,1.6167759895324707e-06
28.313194274902344,1.817941665649414e-06
28.351224899291992,1.8700957298278809e-06
28.493854522705078,2.0265579223632812e-06
28.25740623474121,2.950429916381836e-06
28.610801696777344,2.339482307434082e-06
27.513078689575195,2.041459083557129e-06
28.564380645751953,2.8759241104125977e-06
28.645282745361328,2.4437904357910156e-06
29.16261863708496,1.8402934074401855e-06
27.919126510620117,2.1010637283325195e-06
28.140588760375977,2.086162567138672e-06
28.819238662719727,1.9371509552001953e-06
28.7535343170166,2.3990869522094727e-06
27.82095718383789,3.7550926208496094e-06
28.62660026550293,2.0265579223632812e-06
28.011465072631836,2.682209014892578e-06
28.741836547851562,3.993511199951172e-06
28.593564987182617,3.7401914596557617e-06
28.509428024291992,2.384185791015625e-06
29.317161560058594,3.904104232788086e-06
28.713747024536133,1.952052116394043e-06
28.51567840576172,3.516674041748047e-06
28.67285919189453,2.5779008865356445e-06
28.39392852783203,1.8477439880371094e-06
28.827083587646484,2.175569534301758e-06
