image_id,caption,human_ins,human_related,overfit,fitCount,gtNum,fluency,diversity,bleu1,bleu2,bleu3,bleu4,humor_score,human_humor,humor,b_clip,b_bita,f_bita,f_clip,benign,b_minus,f_minus
mcdonalds_switzerland_646,`` the reason you’ re here is because your body was designed to do it.,0.0,1.0,3.0,0,1,0.96391255,0.4311688,0.0,0.0,0.0,0.0,0.2455158829689026,1.0,0,-0.00086818193,-8.116681,0.968216,0.96883464,-7.5704293,,
mcdonalds_switzerland_1995,and you know what i'm going to do? let the best in this country be your first choice.,0.0,1.0,3.0,3,1,0.97785884,0.4311688,0.141080287481769,1.8834843577582417e-308,1.8834843577582417e-308,1.8834843577582417e-308,0.0084369936957955,1.0,0,-8.845284,-8.018771,0.7345259,0.980454,-8.57692,,
mcdonalds_switzerland_265,`` i love you! '' go for it.,0.0,1.0,3.0,0,1,0.97209114,0.4311688,0.0,0.0,0.0,0.0,0.8086099624633789,1.0,1,-8.2387085,-9.580732,0.7960955,0.2502667,-8.592374,,
mcdonalds_switzerland_80,the burger is ready! get on the way... and enjoy your meal.,1.0,1.0,3.0,3,1,0.97606474,0.4311688,0.1666666666666666,2.2250738585072617e-308,2.2250738585072617e-308,2.2250738585072617e-308,0.0210407879203557,1.0,0,-9.825105,-9.330064,0.9754091,0.96028465,-8.8675785,,
mcdonalds_switzerland_429,we are trying to figure out what the best app for your brain is.,0.0,1.0,3.0,0,1,0.968762,0.4311688,0.0,0.0,0.0,0.0,0.2748781740665436,1.0,0,-9.508994,-9.519858,0.8843181,0.95929676,-9.455455,,
mcdonalds_switzerland_598,"here's the best gift for a friend who always comes with you, even when they don t want to go out.",0.0,1.0,3.0,4,1,0.9605973,0.4311688,0.1574410357379501,0.0413282718812119,1.8391691476033075e-308,1.8391691476033075e-308,0.1199158653616905,1.0,0,-9.180471,-8.877489,0.9670215,0.91683376,-9.456745,,
mcdonalds_switzerland_16,this is a fake movie.,0.0,0.0,-1.0,0,1,0.9737013,0.4311688,0.0,0.0,0.0,0.0,0.9923376441001892,0.0,1,-9.402929,-7.952308,0.9642762,0.9060073,-8.186518,1.2164110000000008,0.06769400000000003
mcdonalds_switzerland_69,"if you ask 10 people what they think of this post, and only one says yes.",0.0,0.0,-1.0,0,1,0.9369184,0.4311688,0.0,0.0,0.0,0.0,0.9583855867385864,0.0,1,-8.090135,-6.7066293,0.93865734,0.97461784,-8.309852,-0.21971699999999927,-0.03769943999999992
mcdonalds_switzerland_654,"in 2018, the new world record for a sandwich with three slices of bread was set.",0.0,0.0,-1.0,2,1,0.96631485,0.4311688,0.125,2.2250738585072617e-308,2.2250738585072617e-308,2.2250738585072617e-308,0.8999807238578796,0.0,1,-8.676217,-9.552027,0.89297265,0.97831875,-0.45867753,8.21753947,-0.012003900000000067
mcdonalds_switzerland_721,"the first thing i did was to check out the app for a few minutes, and it really surprised me.",0.0,0.0,-1.0,0,1,0.97930956,0.4311688,0.0,0.0,0.0,0.0,0.8889598250389099,0.0,1,-7.6840353,-8.417582,0.9222871,0.8808109,-9.205575,-1.5215397,0.09849866000000007
mcdonalds_switzerland_769,you can 't have a good time if you are not seeing all the food on your menu.,0.0,0.0,-1.0,0,1,0.9687007,0.4311688,0.0,0.0,0.0,0.0,0.8792566657066345,0.0,1,-9.591755,-7.7587233,0.78847134,0.9337111,-9.225011,0.36674399999999885,0.034989599999999954
mcdonalds_switzerland_402,"yes, i've seen this before.",0.0,1.0,-1.0,0,1,0.96338505,0.4311688,0.0,0.0,0.0,0.0,0.8606106042861938,0.0,1,-9.101368,-8.986293,0.88941365,0.9730762,-7.677172,1.4241960000000011,-0.009691149999999982
mcdonalds_switzerland_19,"the woman who is trying to eat the ice cream with a fork in her hand, makes me feel hungry.",0.0,0.0,-1.0,2,1,0.7762316,0.4311688,0.1,2.2250738585072617e-308,2.2250738585072617e-308,2.2250738585072617e-308,0.8578487038612366,0.0,1,-8.425251,-8.497641,0.95354426,0.8088689,-2.0546465,6.370604499999999,-0.03263729999999998
mcdonalds_switzerland_2000,"a very popular, easy to eat and a great value for your money.",0.0,0.0,-1.0,0,1,0.7525514,0.4311688,0.0,0.0,0.0,0.0,0.8473842144012451,0.0,1,-8.24387,-0.055035308,0.97381186,0.96285397,-7.2555304,0.9883395999999998,-0.21030256999999997
mcdonalds_switzerland_568,"please don't be like '' that, and let us see what we can do.",0.0,0.0,-1.0,3,1,0.92926323,0.4311688,0.0551561018684074,0.019799626311736,5.727232018879324e-309,5.727232018879324e-309,0.8433911800384521,0.0,1,-9.544269,-9.236266,0.96156406,0.9789281,-8.530496,1.0137730000000005,-0.04966486999999997
mcdonalds_switzerland_13,"houston, i know you love the variety of my favourite meals.",0.0,0.0,-1.0,0,1,0.9617614,0.4311688,0.0,0.0,0.0,0.0,0.8217950463294983,0.0,1,-0.00037913286,-0.26533353,0.9220934,0.8935735,-0.4469877,-0.44660856713999997,0.06818789999999997
mcdonalds_switzerland_496,this is a little secret: you've got the most amazing of your life.,0.0,1.0,0.0,3,1,0.9569539,0.4311688,0.1454568892146276,1.402493394168772e-308,1.402493394168772e-308,1.402493394168772e-308,0.8215428590774536,0.0,1,-0.0006797387,-9.250703,0.9647719,0.90275663,-8.848693,-8.8480132613,0.054197270000000075
mcdonalds_switzerland_234,"when i was younger, my mother bought me a small dog for 10 euro.",0.0,0.0,-1.0,1,1,0.96124,0.4311688,0.0714285714285714,2.2250738585072617e-308,2.2250738585072617e-308,2.2250738585072617e-308,0.7773693799972534,0.0,1,-0.2588699,-9.080438,0.98366135,0.9208443,-7.998623e-05,0.25878991377,0.040395700000000034
mcdonalds_switzerland_1962,you know the one.,0.0,1.0,2.0,0,1,0.91648275,0.4311688,0.0,0.0,0.0,0.0,0.7594184279441833,1.0,1,-9.5234375,-9.102766,0.96950454,0.9336152,-8.768718,0.7547195000000002,-0.017132449999999966
mcdonalds_switzerland_1890,when you're about to get a new pair of glasses.,0.0,0.0,-1.0,1,1,0.9711474,0.4311688,0.0332871083698079,7.4066274658958e-309,7.4066274658958e-309,7.4066274658958e-309,0.735302746295929,0.0,1,-9.914026,-9.220705,0.8077806,0.90868604,-9.07083,0.843195999999999,0.06246136000000002
mcdonalds_switzerland_118,the food you get at your favorite restaurant is not the same as what's in it.,0.0,0.0,-1.0,3,1,0.97304314,0.4311688,0.125,2.2250738585072617e-308,2.2250738585072617e-308,2.2250738585072617e-308,0.7299713492393494,0.0,0,-9.228557,-9.735153,0.95713997,0.97161263,-9.553147,-0.3245899999999988,0.0014305100000000515
mcdonalds_switzerland_744,"i love you, and i also like to write about things that are worth seeing.",0.0,1.0,2.0,1,1,0.9780109,0.4311688,0.0666666666666666,2.2250738585072617e-308,2.2250738585072617e-308,2.2250738585072617e-308,0.7249212265014648,1.0,0,-9.268638,-8.149858,0.96972173,0.9764371,-8.780286,0.488351999999999,0.0015738000000000696
mcdonalds_switzerland_586,"`` i'm sorry, but the restaurant is closed for today.",0.0,0.0,-1.0,0,1,0.9575845,0.4311688,0.0,0.0,0.0,0.0,0.7207115292549133,0.0,0,-7.4491286,-8.809689,0.6752609,0.9832408,-0.0005102048,7.4486183952,-0.025656300000000076
mcdonalds_switzerland_2025,"i am sorry for the inconvenience, but i'm going to be here at your event.",0.0,1.0,0.0,0,1,0.96837604,0.4311688,0.0,0.0,0.0,0.0,0.7076802253723145,0.0,0,-8.180812,-8.6979,0.51169163,0.9450726,-9.412306,-1.2314939999999996,0.023303439999999953
mcdonalds_switzerland_2052,"yes, i love your coffee.",0.0,0.0,-1.0,0,1,0.9717429,0.4311688,0.0,0.0,0.0,0.0,0.7023133635520935,0.0,0,-8.815041,-8.541006,0.94815856,0.91324604,-8.507214,0.3078270000000014,0.058496859999999984
mcdonalds_switzerland_761,"the next time you are in the car with your partner, think about it.",0.0,0.0,-1.0,3,1,0.9771886,0.4311688,0.1395940837566547,1.4495000173229606e-308,1.4495000173229606e-308,1.4495000173229606e-308,0.697892963886261,0.0,0,-0.0042967144,-8.090704,0.6943429,0.96686333,-9.1504755,-9.1461787856,0.010325269999999942
mcdonalds_switzerland_737,please try to eat 10 pieces of pizza every day for a week.,1.0,0.0,-1.0,0,1,0.9633623,0.4311688,0.0,0.0,0.0,0.0,0.6856949925422668,0.0,0,-9.471601,-9.533354,0.9184866,0.97499925,-9.586231,-0.11463000000000001,-0.01163694999999998
mcdonalds_switzerland_203,"a lot of people say, ""well you know what? i lovin' it.",1.0,1.0,0.0,1,1,0.9676331,0.4311688,0.0833333333333333,2.2250738585072617e-308,2.2250738585072617e-308,2.2250738585072617e-308,0.675481379032135,1.0,0,-9.196861,-9.572734,0.9617238,0.95097655,-9.123365,0.07349600000000045,0.016656549999999992
mcdonalds_switzerland_767,"i'm not sure if you know this, but we do n’t believe it.",0.0,0.0,-1.0,1,1,0.95459884,0.4311688,0.0013045822108796,3.7736293058125e-310,3.7736293058125e-310,3.7736293058125e-310,0.6565881371498108,0.0,0,-8.494717,-8.766099,0.96253157,0.97622234,-7.384148,1.110569,-0.021623500000000018
mcdonalds_switzerland_31,we have to do something about it.,0.0,1.0,-1.0,2,1,0.95863485,0.4311688,0.2476793999286233,1.928867353251809e-308,1.928867353251809e-308,1.928867353251809e-308,0.6389925479888916,0.0,0,-5.1344156,-8.970014,0.91356295,0.971093,-8.781486,-3.6470703999999996,-0.012458149999999946
mcdonalds_switzerland_1988,"i love you, '' i hear your voice.",0.0,0.0,-1.0,0,1,0.8134992,0.4311688,0.0,0.0,0.0,0.0,0.637524425983429,0.0,0,-9.253675,-8.929412,0.9136931,0.9453869,-5.8262596,3.4274153999999992,-0.13188770000000005
mcdonalds_switzerland_615,"brrr brr, you can feel it in the air.",0.0,1.0,0.0,1,1,0.9077701,0.4311688,0.0120408914690995,2.411268555691485e-309,2.411268555691485e-309,2.411268555691485e-309,0.5891082286834717,1.0,0,-2.6892946,-8.463889,0.9707479,0.9782639,-8.730641,-6.0413464,-0.07049379999999994
mcdonalds_switzerland_725,"i love you, i don't know if it was the cat or a dog.",0.0,0.0,-1.0,1,1,0.9234309,0.4311688,0.0714285714285714,2.2250738585072617e-308,2.2250738585072617e-308,2.2250738585072617e-308,0.5855548977851868,0.0,0,-9.297199,-9.332954,0.94373727,0.8897848,-0.0005494039,9.296649596100002,0.03364610000000001
mcdonalds_switzerland_117,"a few years ago, i was in a very small hotel room with 2 other people who were all there for the same reason.",0.0,1.0,0.0,0,1,0.9561709,0.4311688,0.0,0.0,0.0,0.0,0.5852134227752686,1.0,0,-9.066903,-9.326066,0.9263791,0.950235,-9.410633,-0.34373000000000076,0.005935899999999994
mcdonalds_switzerland_461,"it’ s not like a, and it wasn't my parents.",0.0,0.0,-1.0,0,1,0.88558656,0.4311688,0.0,0.0,0.0,0.0,0.5774060487747192,0.0,0,-0.29011807,-9.315657,0.9535472,0.9420544,-3.051371,-2.76125293,-0.056467839999999936
mcdonalds_switzerland_499,"yes, i know! we have a new restaurant.",0.0,1.0,0.0,0,1,0.9833106,0.4311688,0.0,0.0,0.0,0.0,0.5727713108062744,0.0,0,-0.001067188,-9.388723,0.71444464,0.9778497,-9.017889,-9.016821812,0.005460899999999991
mcdonalds_switzerland_794,"this's not just the wrong name for this dish, it is also a great place to meet your friends and family.",0.0,0.0,-1.0,1,1,0.9591533,0.4311688,0.0476190476190476,2.2250738585072617e-308,2.2250738585072617e-308,2.2250738585072617e-308,0.5717152953147888,0.0,0,-9.4582815,-4.5181293,0.97212344,0.97295296,-4.415099,5.0431825,-0.013799659999999991
mcdonalds_switzerland_181,`` you are going to love the hotel! '' and we know that is true.,0.0,0.0,-1.0,2,1,0.9457386,0.4311688,0.1333333333333333,2.2250738585072617e-308,2.2250738585072617e-308,2.2250738585072617e-308,0.5599039793014526,1.0,0,-9.96695,-0.0014003243,0.8585195,0.9749553,-8.358852,1.608098,-0.029216699999999984
mcdonalds_switzerland_163,"i love you, and the best -n't just say that.",0.0,1.0,0.0,2,1,0.8010984,0.4311688,0.2,2.2250738585072617e-308,2.2250738585072617e-308,2.2250738585072617e-308,0.552266001701355,1.0,0,-9.550152,-9.314761,0.98238105,0.9763731,-9.294374,0.25577800000000117,-0.1752747
mcdonalds_switzerland_864,"we are now 10k users! this means you can follow more posts and comment on our page, which is why we have to ask for your help.",0.0,1.0,-1.0,0,1,0.9468852,0.4311688,0.0,0.0,0.0,0.0,0.539901077747345,0.0,0,-8.661349,-0.8674773,0.95315075,0.9652637,-1.3511788,7.3101702,-0.018378499999999964
mcdonalds_switzerland_410,we all know that this was a day to make the world better.,0.0,1.0,0.0,2,1,0.98225605,0.4311688,0.1538461538461538,2.2250738585072617e-308,2.2250738585072617e-308,2.2250738585072617e-308,0.5297943353652954,1.0,0,-0.00013934595,-5.9960475e-05,0.9173793,0.9706448,-9.302268,-9.30212865405,0.011611250000000073
mcdonalds_switzerland_27,i'm on the run.,0.0,0.0,-1.0,1,1,0.9823528,0.4311688,0.0434434858626112,3.86659858861305e-309,3.86659858861305e-309,3.86659858861305e-309,0.5153135061264038,0.0,0,-8.194731,-3.342283,0.93256855,0.9763608,-7.42257,0.7721610000000005,0.005991999999999997
mcdonalds_switzerland_904,"in this case, we don’t need a special dish for our new year 2019.",0.0,1.0,0.0,0,1,0.9647261,0.4311688,0.0,0.0,0.0,0.0,0.510066032409668,1.0,0,-9.33159,-9.013346,0.9086848,0.96631694,-8.594067,0.7375229999999995,-0.0015908399999999823
mcdonalds_switzerland_409,i'm sure you know what i mean.,0.0,1.0,0.0,2,1,0.9733201,0.4311688,0.0789865847513041,6.15128447160133e-309,6.15128447160133e-309,6.15128447160133e-309,0.4961757957935333,0.0,0,-8.837454,-8.922691,0.97816706,0.97695315,-8.208255,0.6291989999999998,-0.0036330500000000265
mcdonalds_switzerland_1899,you know what? the only thing that matters is your happiness.,0.0,0.0,-1.0,1,1,0.9720996,0.4311688,0.0254606146201498,6.231692281410567e-309,6.231692281410567e-309,6.231692281410567e-309,0.4909855425357818,0.0,0,-9.857934,-9.852064,0.8842363,0.8850898,-7.9582562,1.8996778,0.08700979999999991
mcdonalds_switzerland_432,the only thing that makes me smile every day is the fact i was able to find a job at one of our top 20 companies in new york city.,0.0,0.0,-1.0,4,1,0.97711164,0.4311688,0.1,2.2250738585072617e-308,2.2250738585072617e-308,2.2250738585072617e-308,0.4909710586071014,0.0,0,-9.44896,-8.340515,0.84987223,0.9675058,-9.409489,0.039470999999998924,0.009605839999999977
mcdonalds_switzerland_1918,"for the rest of you, i’ m glad to be your first foodie.",0.0,0.0,-1.0,0,1,0.93800175,0.4311688,0.0,0.0,0.0,0.0,0.4843980669975281,0.0,0,-9.599392,-9.540387,0.838123,0.821713,-8.317947,1.2814449999999997,0.11628874999999994
mcdonalds_switzerland_642,"here are the options you can choose from: check, review and rate.",0.0,0.0,-1.0,2,1,0.931016,0.4311688,0.1533407357715539,2.0471667756573244e-308,2.0471667756573244e-308,2.0471667756573244e-308,0.4789546430110931,0.0,0,-9.059553,-8.935479,0.39665046,0.97358185,-9.693554,-0.6340010000000014,-0.042565850000000016
mcdonalds_switzerland_682,"when you go to a bar, restaurant or café and ask for the most ""l i can't do.",0.0,0.0,-1.0,3,1,0.78839636,0.4311688,0.1666666666666666,2.2250738585072617e-308,2.2250738585072617e-308,2.2250738585072617e-308,0.456641674041748,0.0,0,-9.305419,-8.8064165,0.97759503,0.9620078,-9.719328,-0.4139090000000003,-0.17361143999999995
mcdonalds_switzerland_1895,you're probably the one who has more food in your fridge than you think.,0.0,0.0,-1.0,2,1,0.9780452,0.4311688,0.0930627225044365,1.4495000173229606e-308,1.4495000173229606e-308,1.4495000173229606e-308,0.4538124203681946,0.0,0,-8.043437,-9.040469,0.97391915,0.9627383,-9.326253,-1.2828159999999986,0.015306899999999901
mcdonalds_switzerland_1037,"yes, the apple has got to get rid of their black and white screen on 2019.",0.0,0.0,-1.0,0,1,0.6947536,0.4311688,0.0,0.0,0.0,0.0,0.451476514339447,0.0,0,-9.126961,-8.621415,0.9586426,0.9772949,-0.0013094908,9.125651509199999,-0.2825413
mcdonalds_switzerland_569,"yes, you can have your own "" all in a day.",0.0,1.0,-1.0,3,1,0.7444093,0.4311688,0.0369096227008943,3.01131000863463e-309,3.01131000863463e-309,3.01131000863463e-309,0.4474624097347259,0.0,0,-0.0013053239,-8.418058,0.97490555,0.9543531,-7.6783824,-7.677077076100001,-0.2099437999999999
mcdonalds_switzerland_478,"yes, it's not a joke.",0.0,0.0,-1.0,0,1,0.97062755,0.4311688,0.0,0.0,0.0,0.0,0.4309409260749817,0.0,0,-8.747081,-9.672488,0.94856083,0.8540612,-8.398518,0.3485630000000004,0.11656635000000004
mcdonalds_switzerland_616,we've got a lot of different people who are trying to get through this crisis.,0.0,1.0,2.0,2,1,0.95572627,0.4311688,0.1021237784486198,0.0547091670260463,1.704247123185085e-308,1.704247123185085e-308,0.423793613910675,1.0,0,-9.22523,-9.058662,0.9195852,0.9738116,-8.112391,1.1128389999999992,-0.01808533000000001
mcdonalds_switzerland_610,"from now on, you can enjoy your own life with the best food in madrid! # pic.",0.0,1.0,-1.0,1,1,0.8066845,0.4311688,0.0588235294117647,2.2250738585072617e-308,2.2250738585072617e-308,2.2250738585072617e-308,0.4213431179523468,0.0,0,-9.030927,-9.040438,0.9191076,0.95137215,-9.496807,-0.4658800000000003,-0.14468764999999995
mcdonalds_switzerland_716,"i'm sorry, but you don’t need to worry about it.",0.0,0.0,-1.0,0,1,0.97985774,0.4311688,0.0,0.0,0.0,0.0,0.4111048579216003,0.0,0,-9.000248,-9.643161,0.95940876,0.8607433,-8.143231,0.857016999999999,0.11911444000000004
