image_id,caption,human_ins,human_humor,human_related,overfit,fitCount,gtNum,fluency,diversity,bleu1,bleu2,bleu3,bleu4
sonicdrivein_1385,the sonic 10-day challenge is here! get your free month of the new app and earn a ton more points.,1,0,1,,3,1,0.8975082,0.40118188,0.10000000000000002,0.05263157894736841,2.2250738585072626e-308,2.2250738585072626e-308
sonicdrivein_893,"the best part of the day is when you get to enjoy a delicious, creamy ice cream cone.",1,0,0,,2,1,0.97890306,0.40118188,0.05555555555555554,2.2250738585072626e-308,2.2250738585072626e-308,2.2250738585072626e-308
sonicdrivein_798,the sonic is back! get your hands on the new 50¢ hot dog combo at all-american bbq.,1,0,0,,2,1,0.9428808,0.40118188,0.11764705882352941,2.2250738585072626e-308,2.2250738585072626e-308,2.2250738585072626e-308
sonicdrivein_786,the best part about this is that you can make it yourself.,0,0,0,,1,1,0.97278523,0.40118188,0.08333333333333333,2.2250738585072626e-308,2.2250738585072626e-308,2.2250738585072626e-308
sonicdrivein_973,the sonic is the new iphone 5s.,1,0,0,,0,1,0.34559348,0.40118188,0.0,0.0,0.0,0.0
sonicdrivein_2154,the sonic 50 is the ultimate all-in-one gaming device.,1,1,1,,3,1,0.9497088,0.40118188,0.2222222222222222,2.2250738585072626e-308,2.2250738585072626e-308,2.2250738585072626e-308
sonicdrivein_1457,we’ re not going to be able to get a free ice cream cone at the drive-in this summer.,1,0,0,,2,1,0.9804418,0.40118188,0.10526315789473682,2.2250738585072626e-308,2.2250738585072626e-308,2.2250738585072626e-308
sonicdrivein_376,the best part of the day is here! 10:35am.,0,0,0,1,2,1,0.9217121,0.40118188,0.11111111111111109,2.2250738585072626e-308,2.2250738585072626e-308,2.2250738585072626e-308
sonicdrivein_69,the sonic 10 is back! 🎥🎤# sonic9.,1,0,0,,0,1,0.88616264,0.40118188,0.0,0.0,0.0,0.0
sonicdrivein_1268,the 10th annual sonic concert is coming to the end of may! get your tickets now at www.,1,0,0,,1,1,0.9495566,0.40118188,0.05555555555555554,2.2250738585072626e-308,2.2250738585072626e-308,2.2250738585072626e-308
sonicdrivein_1280,the best part of the day is here.,1,0,1,,1,1,0.9762207,0.40118188,0.12500000000000003,2.2250738585072626e-308,2.2250738585072626e-308,2.2250738585072626e-308
sonicdrivein_1029,the sonic 50 is the perfect way to celebrate your birthday.,1,0,0,,0,1,0.963694,0.40118188,0.0,0.0,0.0,0.0
sonicdrivein_1572,"when you see the world change, it’ s time to make a difference.",0,0,1,,1,1,0.9703964,0.40118188,0.07692307692307693,2.2250738585072626e-308,2.2250738585072626e-308,2.2250738585072626e-308
sonicdrivein_1615,the best part of a day is the ice cream.,1,0,0,,0,1,0.97811866,0.40118188,0.0,0.0,0.0,0.0
sonicdrivein_1274,the sonic 50 is the best way to get your hands on a burger.,1,0,0,,0,1,0.95718896,0.40118188,0.0,0.0,0.0,0.0
sonicdrivein_1081,the best part of the day is always a bite-sized treat.,1,0,0,,1,1,0.97540206,0.40118188,0.0909090909090909,2.2250738585072626e-308,2.2250738585072626e-308,2.2250738585072626e-308
sonicdrivein_1316,the best way to celebrate your 50th birthday is with a sonic drink! 🍹🎉# happybirthday 🎁🍷.,1,0,0,,2,1,0.9542286,0.40118188,0.12500000000000003,2.2250738585072626e-308,2.2250738585072626e-308,2.2250738585072626e-308
sonicdrivein_348,the sonic 50 is the ultimate in style.,1,0,1,,0,1,0.8067846,0.40118188,0.0,0.0,0.0,0.0
sonicdrivein_877,"the best part of a day at the beach is when you can’ t wait to get your hands on that sweet, salty goodness.",1,0,0,,1,1,0.9747839,0.40118188,0.041666666666666664,2.2250738585072626e-308,2.2250738585072626e-308,2.2250738585072626e-308
sonicdrivein_80,what’ s the best way to get a free sonic drink? 10¢ at any of our participating drive-in locations!# sonicdriveinsummer pic.,1,0,0,,1,1,0.8704938,0.40118188,0.047619047619047616,2.2250738585072626e-308,2.2250738585072626e-308,2.2250738585072626e-308
sonicdrivein_742,the 10th anniversary of sonic the hedgehog is here! get your free gift card today.,1,0,0,,0,1,0.9681447,0.40118188,0.0,0.0,0.0,0.0
sonicdrivein_1028,we’ re all about the best of our time.,1,1,1,,0,1,0.9708227,0.40118188,0.0,0.0,0.0,0.0
sonicdrivein_283,the best part of this year is the chance to be a fan.,0,0,0,,1,1,0.96713704,0.40118188,0.07692307692307693,2.2250738585072626e-308,2.2250738585072626e-308,2.2250738585072626e-308
sonicdrivein_753,we’ re not done yet.,0,0,0,,0,1,0.9734751,0.40118188,0.0,0.0,0.0,0.0
sonicdrivein_409,"we’ re so excited to share our new sonic 50¢ slush with you! try it for free at any of the following locations: sonic, sonic drive-in and sonic express.",1,0,0,,0,1,0.9556697,0.40118188,0.0,0.0,0.0,0.0
sonicdrivein_981,the sonic is back! get your free 1-year subscription today and save$ off the price of a new car.,1,0,0,,1,1,0.8078181,0.40118188,0.05263157894736841,2.2250738585072626e-308,2.2250738585072626e-308,2.2250738585072626e-308
sonicdrivein_1269,the best part of the day is when you get to choose your own adventure.,1,0,1,,1,1,0.97343385,0.40118188,0.06666666666666667,2.2250738585072626e-308,2.2250738585072626e-308,2.2250738585072626e-308
sonicdrivein_1094,we’ re not going to be bored.,0,0,0,,0,1,0.9768496,0.40118188,0.0,0.0,0.0,0.0
sonicdrivein_316,the 10-year anniversary of the sonic boom is coming up in a few days.,1,0,0,,2,1,0.97286487,0.40118188,0.07142857142857141,2.2250738585072626e-308,2.2250738585072626e-308,2.2250738585072626e-308
sonicdrivein_413,the 10th annual sonic concert is coming to the south end in may.,1,0,1,,0,1,0.9724788,0.40118188,0.0,0.0,0.0,0.0
sonicdrivein_163,"the best way to celebrate the holidays is with a delicious, healthy dessert.",1,1,1,,2,1,0.98099935,0.40118188,0.07692307692307693,2.2250738585072626e-308,2.2250738585072626e-308,2.2250738585072626e-308
sonicdrivein_1005,"what’ s your favorite ice cream flavor? 10 points for the best answer! 👍👎
• how many of you can make a peanut butter and jelly sandwich in under two minutes?! 🤔🤓🥪🍦🧀💰🎉#icecreamchallenge@the_peanutbutterjellysandwichcontest pic.",1,0,0,,1,1,0.9002835,0.40118188,0.030303030303030304,2.2250738585072626e-308,2.2250738585072626e-308,2.2250738585072626e-308
sonicdrivein_1017,"the best part about this is that it’ s all free! we offer a variety of delicious, healthy and guilt-free treats.",1,0,1,,2,1,0.9716598,0.40118188,0.09523809523809525,2.2250738585072626e-308,2.2250738585072626e-308,2.2250738585072626e-308
sonicdrivein_705,the sonic boom is coming! get your free 1-year pass today.,1,0,0,,1,1,0.9613227,0.40118188,0.0909090909090909,2.2250738585072626e-308,2.2250738585072626e-308,2.2250738585072626e-308
sonicdrivein_1959,it’ s a new way to celebrate the end of summer.,0,0,1,,1,1,0.9784016,0.40118188,0.0909090909090909,2.2250738585072626e-308,2.2250738585072626e-308,2.2250738585072626e-308
sonicdrivein_2070,we’ re not just going to be a party.,0,0,0,1,1,1,0.97887015,0.40118188,0.11111111111111109,2.2250738585072626e-308,2.2250738585072626e-308,2.2250738585072626e-308
sonicdrivein_1282,the best part of a day at the beach is when you can relax and enjoy your favorite drinks.,0,0,0,,2,1,0.9830179,0.40118188,0.10526315789473682,0.05555555555555554,2.2250738585072626e-308,2.2250738585072626e-308
sonicdrivein_914,the best way to celebrate your birthday is with a 50¢ slushie! 🍦# summerfunday@ sonicdrivein.,1,0,0,,1,1,0.9450545,0.40118188,0.06666666666666667,2.2250738585072626e-308,2.2250738585072626e-308,2.2250738585072626e-308
sonicdrivein_670,the world is a place of endless possibilities.,0,0,0,,0,1,0.96899587,0.40118188,0.0,0.0,0.0,0.0
sonicdrivein_1317,the sonic 50 is a great way to celebrate the summer season.,1,0,0,,0,1,0.95428574,0.40118188,0.0,0.0,0.0,0.0
sonicdrivein_2052,"we’ re all about the food, so we thought it would be fun to share some of our favorite recipes.",0,0,1,,0,1,0.97580075,0.40118188,0.0,0.0,0.0,0.0
sonicdrivein_560,the best part about this recipe is that it’ s easy.,0,0,0,,0,1,0.9787932,0.40118188,0.0,0.0,0.0,0.0
sonicdrivein_789,the 10th anniversary of our first sonic is coming up.,1,0,0,,1,1,0.9259908,0.40118188,0.10000000000000002,2.2250738585072626e-308,2.2250738585072626e-308,2.2250738585072626e-308
sonicdrivein_375,we’ re excited to share our new sonic drive-in experience with you.,1,0,1,,1,1,0.9768942,0.40118188,0.08333333333333333,2.2250738585072626e-308,2.2250738585072626e-308,2.2250738585072626e-308
sonicdrivein_344,we're all in this together! # summerfunday pic.,0,0,1,,1,1,0.68985873,0.40118188,0.11031211282307446,1.9636207881546135e-308,1.9636207881546135e-308,1.9636207881546135e-308
sonicdrivein_780,we’ re excited to share our new recipe for the ultimate sonic sour cream shake.,1,0,0,,0,1,0.97791004,0.40118188,0.0,0.0,0.0,0.0
sonicdrivein_548,the # sonicdrivein is coming to the mall this weekend! get your tickets now at www.,1,0,0,,1,1,0.8967607,0.40118188,0.0625,2.2250738585072626e-308,2.2250738585072626e-308,2.2250738585072626e-308
sonicdrivein_1346,we’ re not done! we have a new sonic release coming soon.,1,0,0,,1,1,0.9696648,0.40118188,0.08333333333333333,2.2250738585072626e-308,2.2250738585072626e-308,2.2250738585072626e-308
sonicdrivein_496,"we’ re not talking about a single meal, we are all in for the whole day.",0,0,0,,0,1,0.87984353,0.40118188,0.0,0.0,0.0,0.0
sonicdrivein_648,the sonic 10-day deal is back! get your favorite drinks and snacks for just £2.,1,0,0,,3,1,0.8619949,0.40118188,0.2,2.2250738585072626e-308,2.2250738585072626e-308,2.2250738585072626e-308
sonicdrivein_1992,the best part of the day is when you get to enjoy a delicious ice cream cone.,1,0,0,,1,1,0.9782497,0.40118188,0.0588235294117647,2.2250738585072626e-308,2.2250738585072626e-308,2.2250738585072626e-308
sonicdrivein_196,the best part of this is that you can make it yourself.,0,0,0,,2,1,0.9735908,0.40118188,0.16666666666666669,2.2250738585072626e-308,2.2250738585072626e-308,2.2250738585072626e-308
sonicdrivein_947,we’ re so excited to see you in the classroom! we hope your day is filled with fun and learning.,0,0,0,,0,1,0.9776748,0.40118188,0.0,0.0,0.0,0.0
sonicdrivein_499,the best part of a day is the ice cream.,1,0,0,,0,1,0.97811866,0.40118188,0.0,0.0,0.0,0.0
sonicdrivein_408,we're not going to let you down.,0,1,1,,1,1,0.97290355,0.40118188,0.12383969996431167,1.928867353251809e-308,1.928867353251809e-308,1.928867353251809e-308
sonicdrivein_1502,the best thing about this year is that we can all celebrate together.,0,0,1,,2,1,0.980115,0.40118188,0.15384615384615385,2.2250738585072626e-308,2.2250738585072626e-308,2.2250738585072626e-308
sonicdrivein_790,the sonic 50 is the new iphone.,1,0,0,,0,1,0.8565946,0.40118188,0.0,0.0,0.0,0.0
sonicdrivein_645,the best way to celebrate your birthday is with a sonic drink! # summerdrinksofinstagram@ sonicdrinks.,1,0,0,1,0,1,0.96088374,0.40118188,0.0,0.0,0.0,0.0
sonicdrivein_1467,"i'm not a fan of the sound, but i do love this song.",0,0,0,,1,1,0.9797743,0.40118188,0.07692307692307693,2.2250738585072626e-308,2.2250738585072626e-308,2.2250738585072626e-308
sonicdrivein_486,the 10th anniversary of the sonic seven is here! get your tickets now.,1,0,0,,3,1,0.9496555,0.40118188,0.23076923076923078,2.2250738585072626e-308,2.2250738585072626e-308,2.2250738585072626e-308
sonicdrivein_808,"the best way to celebrate the holidays is with a sonic drink! 🍒🎉# holidaydrink, our favorite drinks are all out for sale from december through march.",1,0,1,,2,1,0.9585666,0.40118188,0.07692307692307693,2.2250738585072626e-308,2.2250738585072626e-308,2.2250738585072626e-308
sonicdrivein_2201,the best way to celebrate your 50th birthday is with a special surprise.,0,0,0,,1,1,0.98072857,0.40118188,0.07692307692307693,2.2250738585072626e-308,2.2250738585072626e-308,2.2250738585072626e-308
sonicdrivein_522,the best way to celebrate the holidays is with a hot chocolate shake.,1,0,0,,1,1,0.9795233,0.40118188,0.07692307692307693,2.2250738585072626e-308,2.2250738585072626e-308,2.2250738585072626e-308
sonicdrivein_430,we’ re all about the sonic boom.,1,0,0,,0,1,0.9720381,0.40118188,0.0,0.0,0.0,0.0
sonicdrivein_864,the best time of the year is here! get your hands on our new # summerfuns at sonic.,0,0,0,,3,1,0.9107982,0.40118188,0.11111111111111109,2.2250738585072626e-308,2.2250738585072626e-308,2.2250738585072626e-308
sonicdrivein_566,we’ re excited to announce our new sonic drive-in experience! get your tickets now and enjoy the latest # sonicdriveinshop.,1,0,0,,0,1,0.938144,0.40118188,0.0,0.0,0.0,0.0
sonicdrivein_1909,"the best ice cream in the world is coming to sonic, and it’ s free! head over for a scoop today.",1,0,0,,0,1,0.96205527,0.40118188,0.0,0.0,0.0,0.0
sonicdrivein_2171,the 10th annual sonic concert is coming to the end of may! 🎧🎶 get your tickets now at www.,1,0,0,,0,1,0.94184536,0.40118188,0.0,0.0,0.0,0.0
sonicdrivein_505,the best way to get a taste of our new sonic ice cream is by ordering the 1/2 pint.,1,0,0,,0,1,0.97325915,0.40118188,0.0,0.0,0.0,0.0
sonicdrivein_2107,we’ re not just going to be a party.,0,0,0,1,0,1,0.97887015,0.40118188,0.0,0.0,0.0,0.0
sonicdrivein_649,we’ re not going to tell you what we think of this year.,0,0,0,,1,1,0.97140884,0.40118188,0.07692307692307693,2.2250738585072626e-308,2.2250738585072626e-308,2.2250738585072626e-308
sonicdrivein_1289,"the best way to make a delicious, healthy dessert is with our new "" sonic ice cream maker.",1,0,0,,0,1,0.91273236,0.40118188,0.0,0.0,0.0,0.0
sonicdrivein_706,the sonic 50 is the ultimate all-in-one device that’ s got everything you need to make your life easier.,1,0,0,,1,1,0.95068955,0.40118188,0.05263157894736841,2.2250738585072626e-308,2.2250738585072626e-308,2.2250738585072626e-308
sonicdrivein_1199,we’ re not just going to be a party.,0,0,0,1,0,1,0.97887015,0.40118188,0.0,0.0,0.0,0.0
sonicdrivein_89,we’ re not just going to be a party.,0,0,0,1,0,1,0.97887015,0.40118188,0.0,0.0,0.0,0.0
sonicdrivein_85,this is the best time of year to celebrate with your favorite sonic drink.,1,0,0,,0,1,0.9697473,0.40118188,0.0,0.0,0.0,0.0
sonicdrivein_41,the best thing about a hot dog is the taste.,1,0,0,,0,1,0.9794901,0.40118188,0.0,0.0,0.0,0.0
sonicdrivein_1606,the best part about this new year is the chance to get a free sonic 50¢ slush.,1,0,0,,2,1,0.95784396,0.40118188,0.11764705882352941,2.2250738585072626e-308,2.2250738585072626e-308,2.2250738585072626e-308
sonicdrivein_1379,the best way to get your hands on a new sonic is by ordering the 10-pack deal.,1,0,1,,1,1,0.97108287,0.40118188,0.0588235294117647,2.2250738585072626e-308,2.2250738585072626e-308,2.2250738585072626e-308
sonicdrivein_901,the best part of a day at the beach is getting your hands wet.,0,0,0,,2,1,0.9830267,0.40118188,0.07142857142857141,2.2250738585072626e-308,2.2250738585072626e-308,2.2250738585072626e-308
sonicdrivein_373,we’ re not going to be the only ones who can make it through this year.,1,1,1,,1,1,0.9787557,0.40118188,0.0625,2.2250738585072626e-308,2.2250738585072626e-308,2.2250738585072626e-308
sonicdrivein_2180,"what’ s your favorite ice cream flavor? 🍦# sonicdrivein 10-25% off all orders by thursday, march 3rd.",1,0,0,,0,1,0.84825516,0.40118188,0.0,0.0,0.0,0.0
sonicdrivein_478,we’ re not here to make you feel bad.,0,0,0,,1,1,0.9771377,0.40118188,0.11111111111111109,2.2250738585072626e-308,2.2250738585072626e-308,2.2250738585072626e-308
sonicdrivein_1349,a new year is here! 🎉🎁🍻# 10amdrinkyourwayto24hourdelivery.,1,0,0,,0,1,0.85019225,0.40118188,0.0,0.0,0.0,0.0
sonicdrivein_98,the # sonicdrivein is here! get your free ride to the next stop in new orleans.,1,0,0,,0,1,0.8386566,0.40118188,0.0,0.0,0.0,0.0
sonicdrivein_470,the best part of a day is the time we spend with our loved ones.,1,1,1,,3,1,0.97833955,0.40118188,0.13333333333333333,2.2250738585072626e-308,2.2250738585072626e-308,2.2250738585072626e-308
sonicdrivein_2200,the best way to celebrate your birthday is with a sonic drink.,1,0,0,1,1,1,0.9800702,0.40118188,0.08333333333333333,2.2250738585072626e-308,2.2250738585072626e-308,2.2250738585072626e-308
sonicdrivein_531,the best part of a day is the ice cream.,1,0,0,,2,1,0.97811866,0.40118188,0.10000000000000002,2.2250738585072626e-308,2.2250738585072626e-308,2.2250738585072626e-308
sonicdrivein_51,the best part of the day is here! our new # sonicdrivein app lets you order your favorite drinks and food from anywhere in town.,1,0,0,,2,1,0.970641,0.40118188,0.04000000000000001,2.2250738585072626e-308,2.2250738585072626e-308,2.2250738585072626e-308
sonicdrivein_2125,"the 10 best-selling new year’ s deals of all time are here! get your favorite drinks, snacks and more for just a few dollars.",1,0,0,,1,1,0.9318078,0.40118188,0.041666666666666664,2.2250738585072626e-308,2.2250738585072626e-308,2.2250738585072626e-308
sonicdrivein_712,the best way to get a taste of the world is with our 10-course tasting menu.,0,0,0,,1,1,0.9729181,0.40118188,0.0625,2.2250738585072626e-308,2.2250738585072626e-308,2.2250738585072626e-308
sonicdrivein_1018,the best part of the day is here! # summerdaysummerday.,1,0,1,,2,1,0.9506977,0.40118188,0.2,2.2250738585072626e-308,2.2250738585072626e-308,2.2250738585072626e-308
sonicdrivein_567,what’ s the best way to celebrate your birthday? with a sonic drive-in! 🎉🎈🍦# sonicdriveinsummer 2019.,1,0,0,,1,1,0.93777907,0.40118188,0.0625,2.2250738585072626e-308,2.2250738585072626e-308,2.2250738585072626e-308
sonicdrivein_2203,"when you’ re not sure what to do with your leftover food, check out these 10 creative ways.",0,0,0,,0,1,0.9620876,0.40118188,0.0,0.0,0.0,0.0
sonicdrivein_290,"we’ re not just talking about the best-in-the-world sonic, we're also giving you a sneak peek at our new limited edition.",1,0,0,,0,1,0.96651065,0.40118188,0.0,0.0,0.0,0.0
sonicdrivein_1368,the best ice cream in the world is here! 🍦# sonicdrivein 1025.,1,0,0,,0,1,0.9158785,0.40118188,0.0,0.0,0.0,0.0
sonicdrivein_690,the best part about this is that it’ s a 10- second blast of flavor.,1,0,0,,0,1,0.95190275,0.40118188,0.0,0.0,0.0,0.0
sonicdrivein_1002,the 10th annual sonic concert is coming to the beach this weekend.,1,0,0,,2,1,0.9772549,0.40118188,0.08333333333333333,2.2250738585072626e-308,2.2250738585072626e-308,2.2250738585072626e-308
sonicdrivein_572,the 10 best ways to celebrate your birthday this year.,1,0,0,,3,1,0.9482569,0.40118188,0.3,2.2250738585072626e-308,2.2250738585072626e-308,2.2250738585072626e-308
sonicdrivein_1921,the sonic 50 is the perfect way to get your kids excited for summer.,1,0,0,,2,1,0.95999587,0.40118188,0.14285714285714285,2.2250738585072626e-308,2.2250738585072626e-308,2.2250738585072626e-308
sonicdrivein_234,we’ re not just going to be a little bit more than 10 minutes.,0,0,0,,0,1,0.9402649,0.40118188,0.0,0.0,0.0,0.0
sonicdrivein_601,we’ re all set to celebrate the end of summer with a sonic drink! # hotdogday 🎉🍔🥤🎈 pic.,0,0,0,,1,1,0.937201,0.40118188,0.05555555555555554,2.2250738585072626e-308,2.2250738585072626e-308,2.2250738585072626e-308
sonicdrivein_644,we're all set to celebrate the 50th anniversary of sonic with a special limited edition.,1,0,0,,1,1,0.9765726,0.40118188,0.06666666666666667,2.2250738585072626e-308,2.2250738585072626e-308,2.2250738585072626e-308
sonicdrivein_91,the best part about this recipe is that it’ s a great way to celebrate the holidays.,1,0,1,,3,1,0.97797924,0.40118188,0.17647058823529413,0.0625,2.2250738585072626e-308,2.2250738585072626e-308
sonicdrivein_596,the sonic 50 is the best deal of all time.,1,0,1,,0,1,0.78330797,0.40118188,0.0,0.0,0.0,0.0
sonicdrivein_558,you can’ t be a good friend to someone who doesn't have the same sense of humor as you.,0,0,1,,0,1,0.9751417,0.40118188,0.0,0.0,0.0,0.0
sonicdrivein_277,the best time of the year is here! 🎃🎅🍦🥳 # summerfunday.,0,0,0,,0,1,0.92089546,0.40118188,0.0,0.0,0.0,0.0
sonicdrivein_402,the sonic 50 is the ultimate all-in-one device for your next road trip.,0,0,0,,0,1,0.93709695,0.40118188,0.0,0.0,0.0,0.0
sonicdrivein_495,we’ re all in it together.,0,0,0,1,0,1,0.9632408,0.40118188,0.0,0.0,0.0,0.0
sonicdrivein_333,the 10th annual sonic concert is coming to the end of march.,1,0,0,1,2,1,0.9678389,0.40118188,0.08333333333333333,2.2250738585072626e-308,2.2250738585072626e-308,2.2250738585072626e-308
sonicdrivein_524,we’ re excited to bring you the best of sonic 50 cent and all our new songs.,1,0,0,,1,1,0.93352157,0.40118188,0.0588235294117647,2.2250738585072626e-308,2.2250738585072626e-308,2.2250738585072626e-308
sonicdrivein_945,we’ re all about the best of 2018.,0,0,0,,1,1,0.9585287,0.40118188,0.12500000000000003,2.2250738585072626e-308,2.2250738585072626e-308,2.2250738585072626e-308
sonicdrivein_2031,the sonic seven is back! the 50¢ tickets are now available at all of our participating locations.,1,0,0,,0,1,0.9495697,0.40118188,0.0,0.0,0.0,0.0
sonicdrivein_528,the best part about this year is the sonic 50th anniversary! we’ re excited to see what new games and features will be coming out in september.,1,0,0,,0,1,0.9540573,0.40118188,0.0,0.0,0.0,0.0
sonicdrivein_457,"i’ m so excited to see you! 👀# sonicdrivein, we have a ton of merch for sale.",1,0,0,,0,1,0.9696577,0.40118188,0.0,0.0,0.0,0.0
sonicdrivein_37,the sonic is back! we’ re excited to bring you the latest and greatest in our new “ sonic” line of ice cream cones.,1,0,0,,2,1,0.90305364,0.40118188,0.08333333333333333,2.2250738585072626e-308,2.2250738585072626e-308,2.2250738585072626e-308
sonicdrivein_1272,we’ re all set to get our hands on the new sonic drive-in experience.,1,0,1,,1,1,0.9703544,0.40118188,0.07142857142857141,2.2250738585072626e-308,2.2250738585072626e-308,2.2250738585072626e-308
sonicdrivein_103,what’ s the best way to celebrate your birthday? with a sonic drink! 🍹🎉# @sonicdrinkshop pic.,1,0,0,,0,1,0.93790466,0.40118188,0.0,0.0,0.0,0.0
sonicdrivein_618,the 10th annual sonic concert is coming to the end of march.,1,0,0,1,0,1,0.9678389,0.40118188,0.0,0.0,0.0,0.0
sonicdrivein_791,the best part of the day is when you get to see your friends and family.,0,0,0,1,0,1,0.9774763,0.40118188,0.0,0.0,0.0,0.0
sonicdrivein_204,the best way to celebrate the 2018 holiday season is with a sonic drink.,1,0,0,,2,1,0.968708,0.40118188,0.07142857142857141,2.2250738585072626e-308,2.2250738585072626e-308,2.2250738585072626e-308
sonicdrivein_1930,the best of the season! 10/25.,1,0,1,,0,1,0.8220681,0.40118188,0.0,0.0,0.0,0.0
sonicdrivein_78,the best way to celebrate your birthday is with a sonic drink.,1,0,1,1,3,1,0.9800702,0.40118188,0.25,2.2250738585072626e-308,2.2250738585072626e-308,2.2250738585072626e-308
sonicdrivein_534,what’ s the best way to celebrate your 30th birthday? with a sonic drink! we have all of our faves in one shot.,1,0,0,,0,1,0.9309226,0.40118188,0.0,0.0,0.0,0.0
sonicdrivein_1983,the best part of a day is the time you spend with your family.,0,0,0,,2,1,0.9805566,0.40118188,0.14285714285714285,2.2250738585072626e-308,2.2250738585072626e-308,2.2250738585072626e-308
sonicdrivein_2115,we’ re not talking about a hot dog.,1,1,1,,0,1,0.9663166,0.40118188,0.0,0.0,0.0,0.0
sonicdrivein_369,the sonic 50 is the ultimate car for a new year.,1,0,0,,0,1,0.8893242,0.40118188,0.0,0.0,0.0,0.0
sonicdrivein_784,we’ re all set to celebrate the end of summer with a sonic blast.,1,0,0,,0,1,0.97296923,0.40118188,0.0,0.0,0.0,0.0
sonicdrivein_1946,the 10 best things to do in new orleans this summer.,0,0,0,,0,1,0.9416389,0.40118188,0.0,0.0,0.0,0.0
sonicdrivein_280,we’ re not going to be able to say “ i love you” on our first date.,1,1,1,,0,1,0.9661849,0.40118188,0.0,0.0,0.0,0.0
sonicdrivein_905,we’ re not talking about the “ sonic boom” of a plane.,1,0,0,,0,1,0.9538783,0.40118188,0.0,0.0,0.0,0.0
sonicdrivein_446,the 10th annual sonic bowl is coming to new orleans this weekend.,1,0,0,,0,1,0.9674681,0.40118188,0.0,0.0,0.0,0.0
sonicdrivein_529,we’ re not done! ''# sonicdrivein' is the official hashtag for our drive-ins.,1,0,0,,1,1,0.94688654,0.40118188,0.07692307692307693,2.2250738585072626e-308,2.2250738585072626e-308,2.2250738585072626e-308
sonicdrivein_912,the sonic boom is coming! get your tickets now for the 10th anniversary of sonic.,1,0,0,,3,1,0.94544154,0.40118188,0.13333333333333333,2.2250738585072626e-308,2.2250738585072626e-308,2.2250738585072626e-308
sonicdrivein_1270,the # best-of-2019 is here! check out the top picks for this year’ s most popular songs.,0,0,0,,1,1,0.9339532,0.40118188,0.0588235294117647,2.2250738585072626e-308,2.2250738585072626e-308,2.2250738585072626e-308
sonicdrivein_1039,"the best part of the day is when you get to enjoy a delicious, healthy meal with your family.",0,0,0,,1,1,0.98005533,0.40118188,0.05263157894736841,2.2250738585072626e-308,2.2250738585072626e-308,2.2250738585072626e-308
sonicdrivein_65,the 10 best-selling books of all time.,0,0,0,,0,1,0.83711433,0.40118188,0.0,0.0,0.0,0.0
sonicdrivein_491,the best part of the day is when you get to see your friends and family.,0,0,0,1,0,1,0.9774763,0.40118188,0.0,0.0,0.0,0.0
sonicdrivein_955,the best way to get a 50¢ drink is at the drive-in.,1,0,0,,1,1,0.9813503,0.40118188,0.08333333333333333,2.2250738585072626e-308,2.2250738585072626e-308,2.2250738585072626e-308
sonicdrivein_411,we’ re all in this together.,0,0,0,1,1,1,0.9578045,0.40118188,0.10108844328543891,1.3495755153097447e-308,1.3495755153097447e-308,1.3495755153097447e-308
sonicdrivein_363,the best way to celebrate the end of summer is with a sonic drink.,1,0,0,,1,1,0.9789756,0.40118188,0.07142857142857141,2.2250738585072626e-308,2.2250738585072626e-308,2.2250738585072626e-308
sonicdrivein_189,what’ s your favorite ice cream flavor? 10/25.,1,0,0,,1,1,0.9093578,0.40118188,0.12500000000000003,2.2250738585072626e-308,2.2250738585072626e-308,2.2250738585072626e-308
sonicdrivein_1337,we’ re going to be a little bit more adventurous this week.,1,1,1,,0,1,0.98279935,0.40118188,0.0,0.0,0.0,0.0
sonicdrivein_570,the best way to get a new look is with sonic! # sonicdrivein for the first time today.,1,0,0,,0,1,0.88876617,0.40118188,0.0,0.0,0.0,0.0
sonicdrivein_697,"the sonic 10 is back! get your hands on the new, redesigned version of this classic car.",1,0,0,,3,1,0.9684156,0.40118188,0.11764705882352941,2.2250738585072626e-308,2.2250738585072626e-308,2.2250738585072626e-308
sonicdrivein_1246,it’ s a great time of year to celebrate with your family and friends.,0,0,0,,1,1,0.9798163,0.40118188,0.07142857142857141,2.2250738585072626e-308,2.2250738585072626e-308,2.2250738585072626e-308
sonicdrivein_634,"the best part of the day is a delicious, creamy ice cream cone.",1,0,1,,1,1,0.9827588,0.40118188,0.07692307692307693,2.2250738585072626e-308,2.2250738585072626e-308,2.2250738585072626e-308
sonicdrivein_832,"the sonic 50 is the ultimate all-in-one, and it’ s got a ton of features.",1,0,0,,1,1,0.88883334,0.40118188,0.06666666666666667,2.2250738585072626e-308,2.2250738585072626e-308,2.2250738585072626e-308
sonicdrivein_760,the best way to celebrate the end of summer is with a refreshing margarita.,0,0,0,,0,1,0.98004776,0.40118188,0.0,0.0,0.0,0.0
sonicdrivein_594,we’ re not just going to be a party.,0,0,0,,0,1,0.97887015,0.40118188,0.0,0.0,0.0,0.0
sonicdrivein_228,the best part of summer is the ice cream.,1,0,0,,0,1,0.9790274,0.40118188,0.0,0.0,0.0,0.0
sonicdrivein_1384,the best part of the day is here! 10:35am.,0,0,0,1,2,1,0.9217121,0.40118188,0.11111111111111109,2.2250738585072626e-308,2.2250738585072626e-308,2.2250738585072626e-308
sonicdrivein_414,the best part about this recipe is that it’ s easy to make and you can add your own twist.,1,1,1,,2,1,0.9672133,0.40118188,0.10000000000000002,2.2250738585072626e-308,2.2250738585072626e-308,2.2250738585072626e-308
sonicdrivein_497,we’ re all set to celebrate the 50th anniversary of our favorite sonic drink with a new flavor.,1,0,0,,1,1,0.9679594,0.40118188,0.05555555555555554,2.2250738585072626e-308,2.2250738585072626e-308,2.2250738585072626e-308
sonicdrivein_691,the best part of a day is the food.,1,0,0,,0,1,0.97561306,0.40118188,0.0,0.0,0.0,0.0
sonicdrivein_1594,we’ re not going to be able to tell you how much we love this.,0,0,1,,0,1,0.97335786,0.40118188,0.0,0.0,0.0,0.0
sonicdrivein_903,we’ re all about you.,0,0,0,,0,1,0.97126657,0.40118188,0.0,0.0,0.0,0.0
sonicdrivein_1616,we’ re excited to share our new sonic drive-in with you! 🍦🎶🍲#sonicdriveinsummer pic.,1,0,0,,0,1,0.9328059,0.40118188,0.0,0.0,0.0,0.0
sonicdrivein_850,the best way to celebrate the end of summer is with a 50% off all our ice cream flavors!# happysummerday@ sonicdrivein.,1,0,0,,2,1,0.9206951,0.40118188,0.047619047619047616,2.2250738585072626e-308,2.2250738585072626e-308,2.2250738585072626e-308
sonicdrivein_143,we’ re excited to share our new sonic drive-in experience with you! 🍦🎶🍰# sonicdriveinsummer 2019.,1,0,1,,0,1,0.9369393,0.40118188,0.0,0.0,0.0,0.0
sonicdrivein_788,the best way to get a taste of the sonic boom is by driving down and enjoying your favorite drink.,1,0,0,,1,1,0.97648376,0.40118188,0.05000000000000001,2.2250738585072626e-308,2.2250738585072626e-308,2.2250738585072626e-308
sonicdrivein_54,we’ re all set to celebrate the end of summer with a sonic blast.,1,0,0,,0,1,0.97296923,0.40118188,0.0,0.0,0.0,0.0
sonicdrivein_590,"we’ re not just going to make you a sandwich, we're making it better.",1,0,0,,1,1,0.972296,0.40118188,0.07142857142857141,2.2250738585072626e-308,2.2250738585072626e-308,2.2250738585072626e-308
sonicdrivein_44,the 10 best things you’ ve ever done with your friends.,1,0,1,,1,1,0.9427654,0.40118188,0.0909090909090909,2.2250738585072626e-308,2.2250738585072626e-308,2.2250738585072626e-308
sonicdrivein_1206,"we’ re not going to tell you what we did today, but it was a blast! # summerfunday pic.",1,0,0,,2,1,0.8012391,0.40118188,0.10526315789473682,2.2250738585072626e-308,2.2250738585072626e-308,2.2250738585072626e-308
sonicdrivein_2103,the sonic boom is coming! 🛰️# @ thesonicboom pic.,1,0,1,,0,1,0.9049758,0.40118188,0.0,0.0,0.0,0.0
sonicdrivein_1353,the world is coming to an end.,1,1,1,,1,1,0.96793824,0.40118188,0.14285714285714285,2.2250738585072626e-308,2.2250738585072626e-308,2.2250738585072626e-308
sonicdrivein_152,we’ re not going to be the only ones who can make a difference.,1,1,1,,0,1,0.9764147,0.40118188,0.0,0.0,0.0,0.0
sonicdrivein_1115,the best way to get a free 50¢ sonic is by using the code: tpt.,1,1,1,,0,1,0.9175543,0.40118188,0.0,0.0,0.0,0.0
sonicdrivein_404,we’ re not just going to make a sandwich.,1,0,0,,0,1,0.98008955,0.40118188,0.0,0.0,0.0,0.0
sonicdrivein_2142,the best part about this new year is the chance to get a little extra.,1,1,1,,2,1,0.9747039,0.40118188,0.13333333333333333,2.2250738585072626e-308,2.2250738585072626e-308,2.2250738585072626e-308
sonicdrivein_1984,"the # sonicdrivein is coming to the mall on saturday, march 10th from noon-2pm.",1,0,0,,0,1,0.79843605,0.40118188,0.0,0.0,0.0,0.0
sonicdrivein_1347,"the best part of the day is when you get to taste our signature "" sonic sour cream.",1,0,0,,2,1,0.9454671,0.40118188,0.05555555555555554,2.2250738585072626e-308,2.2250738585072626e-308,2.2250738585072626e-308
sonicdrivein_906,the sonic 3 is back! we’ re excited to announce that the new model will be available in select stores on march.,1,0,0,,0,1,0.97055894,0.40118188,0.0,0.0,0.0,0.0
sonicdrivein_976,"you’ re not going to be able to taste the sonic boom, but you are still getting a free can of coke.",1,0,0,,2,1,0.97336966,0.40118188,0.04545454545454546,2.2250738585072626e-308,2.2250738585072626e-308,2.2250738585072626e-308
sonicdrivein_135,we’ re all in it for the sonic experience.,1,0,1,,1,1,0.8531812,0.40118188,0.11111111111111109,2.2250738585072626e-308,2.2250738585072626e-308,2.2250738585072626e-308
sonicdrivein_571,the sonic boom is coming.,1,1,1,,1,1,0.9748625,0.40118188,0.13406400920712788,1.491511611267286e-308,1.491511611267286e-308,1.491511611267286e-308
sonicdrivein_1181,the sonic is back! we’ re excited to share our new # sonicdrivein with you.,1,0,0,,0,1,0.94115156,0.40118188,0.0,0.0,0.0,0.0
sonicdrivein_1960,the sonic 10-day challenge is here! get your free drink and a chance to win the ultimate prize.,1,0,1,,0,1,0.95763767,0.40118188,0.0,0.0,0.0,0.0
sonicdrivein_2024,the sonic 3 is back! get your free gift card today to save on the new game.,1,0,0,,0,1,0.8801769,0.40118188,0.0,0.0,0.0,0.0
sonicdrivein_968,the best way to get your hands on a sonic is by using the app.,1,0,1,,2,1,0.95060337,0.40118188,0.13333333333333333,0.07142857142857141,2.2250738585072626e-308,2.2250738585072626e-308
sonicdrivein_1122,we’ re not just a restaurant.,1,1,1,,0,1,0.9710702,0.40118188,0.0,0.0,0.0,0.0
sonicdrivein_585,we’ re so excited to share our new sonic drive-in experience with you.,1,1,1,,1,1,0.9743681,0.40118188,0.07692307692307693,2.2250738585072626e-308,2.2250738585072626e-308,2.2250738585072626e-308
sonicdrivein_964,the 10 best things you can do with your dog on a hot day.,0,0,0,,1,1,0.9438527,0.40118188,0.07142857142857141,2.2250738585072626e-308,2.2250738585072626e-308,2.2250738585072626e-308
sonicdrivein_57,we’ re excited to announce our new # sonicdriveinaugurategraphics! 🎶🎵🍦🥤 🍪 🥇️🚗 🛋🏆 pic.,1,0,1,,0,1,0.9388621,0.40118188,0.0,0.0,0.0,0.0
sonicdrivein_726,the # sonicdrivein is here! get your tickets now and enjoy the ride.,1,0,1,,0,1,0.84317726,0.40118188,0.0,0.0,0.0,0.0
